,Phonemes,No_Stress,Voicing,Place,Manner,Type,Height,Backness,Rounding
0,"['P', 'AH0']","['P', 'AH']",Voiceless,Bilabial,Plosive,CV,Low,Central,Unrounded
1,"['P', 'AA0']","['P', 'AA']",Voiceless,Bilabial,Plosive,CV,Low,Central,Unrounded
2,"['P', 'AY0']","['P', 'AY']",Voiceless,Bilabial,Plosive,CV,Low-Mid,Front,Unrounded
3,"['P', 'ER0']","['P', 'ER']",Voiceless,Bilabial,Plosive,CV,Low-Mid,Central,Unrounded
4,"['P', 'AO0']","['P', 'AO']",Voiceless,Bilabial,Plosive,CV,Low-Mid,Back,Rounded
5,"['P', 'UW0']","['P', 'UW']",Voiceless,Bilabial,Plosive,CV,High,Back,Rounded
6,"['P', 'IH0']","['P', 'IH']",Voiceless,Bilabial,Plosive,CV,High,Front,Unrounded
7,"['P', 'EH0']","['P', 'EH']",Voiceless,Bilabial,Plosive,CV,Low-Mid,Front,Unrounded
8,"['P', 'UH0']","['P', 'UH']",Voiceless,Bilabial,Plosive,CV,High,Back,Rounded
9,"['P', 'IY0']","['P', 'IY']",Voiceless,Bilabial,Plosive,CV,High,Front,Unrounded
10,"['P', 'AE0']","['P', 'AE']",Voiceless,Bilabial,Plosive,CV,Low,Front,Unrounded
11,"['T', 'AH0']","['T', 'AH']",Voiceless,Alveolar,Plosive,CV,Low,Central,Unrounded
12,"['T', 'AA0']","['T', 'AA']",Voiceless,Alveolar,Plosive,CV,Low,Central,Unrounded
13,"['T', 'AY0']","['T', 'AY']",Voiceless,Alveolar,Plosive,CV,Low-Mid,Front,Unrounded
14,"['T', 'ER0']","['T', 'ER']",Voiceless,Alveolar,Plosive,CV,Low-Mid,Central,Unrounded
15,"['T', 'AO0']","['T', 'AO']",Voiceless,Alveolar,Plosive,CV,Low-Mid,Back,Rounded
16,"['T', 'UW0']","['T', 'UW']",Voiceless,Alveolar,Plosive,CV,High,Back,Rounded
17,"['T', 'IH0']","['T', 'IH']",Voiceless,Alveolar,Plosive,CV,High,Front,Unrounded
18,"['T', 'EH0']","['T', 'EH']",Voiceless,Alveolar,Plosive,CV,Low-Mid,Front,Unrounded
19,"['T', 'UH0']","['T', 'UH']",Voiceless,Alveolar,Plosive,CV,High,Back,Rounded
20,"['T', 'IY0']","['T', 'IY']",Voiceless,Alveolar,Plosive,CV,High,Front,Unrounded
21,"['T', 'AE0']","['T', 'AE']",Voiceless,Alveolar,Plosive,CV,Low,Front,Unrounded
22,"['K', 'AH0']","['K', 'AH']",Voiceless,Velar,Plosive,CV,Low,Central,Unrounded
23,"['K', 'AA0']","['K', 'AA']",Voiceless,Velar,Plosive,CV,Low,Central,Unrounded
24,"['K', 'AY0']","['K', 'AY']",Voiceless,Velar,Plosive,CV,Low-Mid,Front,Unrounded
25,"['K', 'ER0']","['K', 'ER']",Voiceless,Velar,Plosive,CV,Low-Mid,Central,Unrounded
26,"['K', 'AO0']","['K', 'AO']",Voiceless,Velar,Plosive,CV,Low-Mid,Back,Rounded
27,"['K', 'UW0']","['K', 'UW']",Voiceless,Velar,Plosive,CV,High,Back,Rounded
28,"['K', 'IH0']","['K', 'IH']",Voiceless,Velar,Plosive,CV,High,Front,Unrounded
29,"['K', 'EH0']","['K', 'EH']",Voiceless,Velar,Plosive,CV,Low-Mid,Front,Unrounded
30,"['K', 'UH0']","['K', 'UH']",Voiceless,Velar,Plosive,CV,High,Back,Rounded
31,"['K', 'IY0']","['K', 'IY']",Voiceless,Velar,Plosive,CV,High,Front,Unrounded
32,"['K', 'AE0']","['K', 'AE']",Voiceless,Velar,Plosive,CV,Low,Front,Unrounded
33,"['B', 'AH0']","['B', 'AH']",Voiced,Bilabial,Plosive,CV,Low,Central,Unrounded
34,"['B', 'AA0']","['B', 'AA']",Voiced,Bilabial,Plosive,CV,Low,Central,Unrounded
35,"['B', 'AY0']","['B', 'AY']",Voiced,Bilabial,Plosive,CV,Low-Mid,Front,Unrounded
36,"['B', 'ER0']","['B', 'ER']",Voiced,Bilabial,Plosive,CV,Low-Mid,Central,Unrounded
37,"['B', 'AO0']","['B', 'AO']",Voiced,Bilabial,Plosive,CV,Low-Mid,Back,Rounded
38,"['B', 'UW0']","['B', 'UW']",Voiced,Bilabial,Plosive,CV,High,Back,Rounded
39,"['B', 'IH0']","['B', 'IH']",Voiced,Bilabial,Plosive,CV,High,Front,Unrounded
40,"['B', 'EH0']","['B', 'EH']",Voiced,Bilabial,Plosive,CV,Low-Mid,Front,Unrounded
41,"['B', 'UH0']","['B', 'UH']",Voiced,Bilabial,Plosive,CV,High,Back,Rounded
42,"['B', 'IY0']","['B', 'IY']",Voiced,Bilabial,Plosive,CV,High,Front,Unrounded
43,"['B', 'AE0']","['B', 'AE']",Voiced,Bilabial,Plosive,CV,Low,Front,Unrounded
44,"['D', 'AH0']","['D', 'AH']",Voiced,Alveolar,Plosive,CV,Low,Central,Unrounded
45,"['D', 'AA0']","['D', 'AA']",Voiced,Alveolar,Plosive,CV,Low,Central,Unrounded
46,"['D', 'AY0']","['D', 'AY']",Voiced,Alveolar,Plosive,CV,Low-Mid,Front,Unrounded
47,"['D', 'ER0']","['D', 'ER']",Voiced,Alveolar,Plosive,CV,Low-Mid,Central,Unrounded
48,"['D', 'AO0']","['D', 'AO']",Voiced,Alveolar,Plosive,CV,Low-Mid,Back,Rounded
49,"['D', 'UW0']","['D', 'UW']",Voiced,Alveolar,Plosive,CV,High,Back,Rounded
50,"['D', 'IH0']","['D', 'IH']",Voiced,Alveolar,Plosive,CV,High,Front,Unrounded
51,"['D', 'EH0']","['D', 'EH']",Voiced,Alveolar,Plosive,CV,Low-Mid,Front,Unrounded
52,"['D', 'UH0']","['D', 'UH']",Voiced,Alveolar,Plosive,CV,High,Back,Rounded
53,"['D', 'IY0']","['D', 'IY']",Voiced,Alveolar,Plosive,CV,High,Front,Unrounded
54,"['D', 'AE0']","['D', 'AE']",Voiced,Alveolar,Plosive,CV,Low,Front,Unrounded
55,"['G', 'AH0']","['G', 'AH']",Voiced,Velar,Plosive,CV,Low,Central,Unrounded
56,"['G', 'AA0']","['G', 'AA']",Voiced,Velar,Plosive,CV,Low,Central,Unrounded
57,"['G', 'AY0']","['G', 'AY']",Voiced,Velar,Plosive,CV,Low-Mid,Front,Unrounded
58,"['G', 'ER0']","['G', 'ER']",Voiced,Velar,Plosive,CV,Low-Mid,Central,Unrounded
59,"['G', 'AO0']","['G', 'AO']",Voiced,Velar,Plosive,CV,Low-Mid,Back,Rounded
60,"['G', 'UW0']","['G', 'UW']",Voiced,Velar,Plosive,CV,High,Back,Rounded
61,"['G', 'IH0']","['G', 'IH']",Voiced,Velar,Plosive,CV,High,Front,Unrounded
62,"['G', 'EH0']","['G', 'EH']",Voiced,Velar,Plosive,CV,Low-Mid,Front,Unrounded
63,"['G', 'UH0']","['G', 'UH']",Voiced,Velar,Plosive,CV,High,Back,Rounded
64,"['G', 'IY0']","['G', 'IY']",Voiced,Velar,Plosive,CV,High,Front,Unrounded
65,"['G', 'AE0']","['G', 'AE']",Voiced,Velar,Plosive,CV,Low,Front,Unrounded
66,"['F', 'AH0']","['F', 'AH']",Voiceless,Labiodental,Fricative,CV,Low,Central,Unrounded
67,"['F', 'AA0']","['F', 'AA']",Voiceless,Labiodental,Fricative,CV,Low,Central,Unrounded
68,"['F', 'AY0']","['F', 'AY']",Voiceless,Labiodental,Fricative,CV,Low-Mid,Front,Unrounded
69,"['F', 'ER0']","['F', 'ER']",Voiceless,Labiodental,Fricative,CV,Low-Mid,Central,Unrounded
70,"['F', 'AO0']","['F', 'AO']",Voiceless,Labiodental,Fricative,CV,Low-Mid,Back,Rounded
71,"['F', 'UW0']","['F', 'UW']",Voiceless,Labiodental,Fricative,CV,High,Back,Rounded
72,"['F', 'IH0']","['F', 'IH']",Voiceless,Labiodental,Fricative,CV,High,Front,Unrounded
73,"['F', 'EH0']","['F', 'EH']",Voiceless,Labiodental,Fricative,CV,Low-Mid,Front,Unrounded
74,"['F', 'UH0']","['F', 'UH']",Voiceless,Labiodental,Fricative,CV,High,Back,Rounded
75,"['F', 'IY0']","['F', 'IY']",Voiceless,Labiodental,Fricative,CV,High,Front,Unrounded
76,"['F', 'AE0']","['F', 'AE']",Voiceless,Labiodental,Fricative,CV,Low,Front,Unrounded
77,"['TH', 'AH0']","['TH', 'AH']",Voiceless,Dental,Fricative,CV,Low,Central,Unrounded
78,"['TH', 'AA0']","['TH', 'AA']",Voiceless,Dental,Fricative,CV,Low,Central,Unrounded
79,"['TH', 'AY0']","['TH', 'AY']",Voiceless,Dental,Fricative,CV,Low-Mid,Front,Unrounded
80,"['TH', 'ER0']","['TH', 'ER']",Voiceless,Dental,Fricative,CV,Low-Mid,Central,Unrounded
81,"['TH', 'AO0']","['TH', 'AO']",Voiceless,Dental,Fricative,CV,Low-Mid,Back,Rounded
82,"['TH', 'UW0']","['TH', 'UW']",Voiceless,Dental,Fricative,CV,High,Back,Rounded
83,"['TH', 'IH0']","['TH', 'IH']",Voiceless,Dental,Fricative,CV,High,Front,Unrounded
84,"['TH', 'EH0']","['TH', 'EH']",Voiceless,Dental,Fricative,CV,Low-Mid,Front,Unrounded
85,"['TH', 'UH0']","['TH', 'UH']",Voiceless,Dental,Fricative,CV,High,Back,Rounded
86,"['TH', 'IY0']","['TH', 'IY']",Voiceless,Dental,Fricative,CV,High,Front,Unrounded
87,"['TH', 'AE0']","['TH', 'AE']",Voiceless,Dental,Fricative,CV,Low,Front,Unrounded
88,"['S', 'AH0']","['S', 'AH']",Voiceless,Alveolar,Fricative,CV,Low,Central,Unrounded
89,"['S', 'AA0']","['S', 'AA']",Voiceless,Alveolar,Fricative,CV,Low,Central,Unrounded
90,"['S', 'AY0']","['S', 'AY']",Voiceless,Alveolar,Fricative,CV,Low-Mid,Front,Unrounded
91,"['S', 'ER0']","['S', 'ER']",Voiceless,Alveolar,Fricative,CV,Low-Mid,Central,Unrounded
92,"['S', 'AO0']","['S', 'AO']",Voiceless,Alveolar,Fricative,CV,Low-Mid,Back,Rounded
93,"['S', 'UW0']","['S', 'UW']",Voiceless,Alveolar,Fricative,CV,High,Back,Rounded
94,"['S', 'IH0']","['S', 'IH']",Voiceless,Alveolar,Fricative,CV,High,Front,Unrounded
95,"['S', 'EH0']","['S', 'EH']",Voiceless,Alveolar,Fricative,CV,Low-Mid,Front,Unrounded
96,"['S', 'UH0']","['S', 'UH']",Voiceless,Alveolar,Fricative,CV,High,Back,Rounded
97,"['S', 'IY0']","['S', 'IY']",Voiceless,Alveolar,Fricative,CV,High,Front,Unrounded
98,"['S', 'AE0']","['S', 'AE']",Voiceless,Alveolar,Fricative,CV,Low,Front,Unrounded
99,"['SH', 'AH0']","['SH', 'AH']",Voiceless,Postalveolar,Fricative,CV,Low,Central,Unrounded
100,"['SH', 'AA0']","['SH', 'AA']",Voiceless,Postalveolar,Fricative,CV,Low,Central,Unrounded
101,"['SH', 'AY0']","['SH', 'AY']",Voiceless,Postalveolar,Fricative,CV,Low-Mid,Front,Unrounded
102,"['SH', 'ER0']","['SH', 'ER']",Voiceless,Postalveolar,Fricative,CV,Low-Mid,Central,Unrounded
103,"['SH', 'AO0']","['SH', 'AO']",Voiceless,Postalveolar,Fricative,CV,Low-Mid,Back,Rounded
104,"['SH', 'UW0']","['SH', 'UW']",Voiceless,Postalveolar,Fricative,CV,High,Back,Rounded
105,"['SH', 'IH0']","['SH', 'IH']",Voiceless,Postalveolar,Fricative,CV,High,Front,Unrounded
106,"['SH', 'EH0']","['SH', 'EH']",Voiceless,Postalveolar,Fricative,CV,Low-Mid,Front,Unrounded
107,"['SH', 'UH0']","['SH', 'UH']",Voiceless,Postalveolar,Fricative,CV,High,Back,Rounded
108,"['SH', 'IY0']","['SH', 'IY']",Voiceless,Postalveolar,Fricative,CV,High,Front,Unrounded
109,"['SH', 'AE0']","['SH', 'AE']",Voiceless,Postalveolar,Fricative,CV,Low,Front,Unrounded
110,"['Z', 'AH0']","['Z', 'AH']",Voiced,Alveolar,Fricative,CV,Low,Central,Unrounded
111,"['Z', 'AA0']","['Z', 'AA']",Voiced,Alveolar,Fricative,CV,Low,Central,Unrounded
112,"['Z', 'AY0']","['Z', 'AY']",Voiced,Alveolar,Fricative,CV,Low-Mid,Front,Unrounded
113,"['Z', 'ER0']","['Z', 'ER']",Voiced,Alveolar,Fricative,CV,Low-Mid,Central,Unrounded
114,"['Z', 'AO0']","['Z', 'AO']",Voiced,Alveolar,Fricative,CV,Low-Mid,Back,Rounded
115,"['Z', 'UW0']","['Z', 'UW']",Voiced,Alveolar,Fricative,CV,High,Back,Rounded
116,"['Z', 'IH0']","['Z', 'IH']",Voiced,Alveolar,Fricative,CV,High,Front,Unrounded
117,"['Z', 'EH0']","['Z', 'EH']",Voiced,Alveolar,Fricative,CV,Low-Mid,Front,Unrounded
118,"['Z', 'UH0']","['Z', 'UH']",Voiced,Alveolar,Fricative,CV,High,Back,Rounded
119,"['Z', 'IY0']","['Z', 'IY']",Voiced,Alveolar,Fricative,CV,High,Front,Unrounded
120,"['Z', 'AE0']","['Z', 'AE']",Voiced,Alveolar,Fricative,CV,Low,Front,Unrounded
121,"['ZH', 'AH0']","['ZH', 'AH']",Voiced,Postalveolar,Fricative,CV,Low,Central,Unrounded
122,"['ZH', 'AA0']","['ZH', 'AA']",Voiced,Postalveolar,Fricative,CV,Low,Central,Unrounded
123,"['ZH', 'AY0']","['ZH', 'AY']",Voiced,Postalveolar,Fricative,CV,Low-Mid,Front,Unrounded
124,"['ZH', 'ER0']","['ZH', 'ER']",Voiced,Postalveolar,Fricative,CV,Low-Mid,Central,Unrounded
125,"['ZH', 'AO0']","['ZH', 'AO']",Voiced,Postalveolar,Fricative,CV,Low-Mid,Back,Rounded
126,"['ZH', 'UW0']","['ZH', 'UW']",Voiced,Postalveolar,Fricative,CV,High,Back,Rounded
127,"['ZH', 'IH0']","['ZH', 'IH']",Voiced,Postalveolar,Fricative,CV,High,Front,Unrounded
128,"['ZH', 'EH0']","['ZH', 'EH']",Voiced,Postalveolar,Fricative,CV,Low-Mid,Front,Unrounded
129,"['ZH', 'UH0']","['ZH', 'UH']",Voiced,Postalveolar,Fricative,CV,High,Back,Rounded
130,"['ZH', 'IY0']","['ZH', 'IY']",Voiced,Postalveolar,Fricative,CV,High,Front,Unrounded
131,"['ZH', 'AE0']","['ZH', 'AE']",Voiced,Postalveolar,Fricative,CV,Low,Front,Unrounded
132,"['V', 'AH0']","['V', 'AH']",Voiced,Labiodental,Fricative,CV,Low,Central,Unrounded
133,"['V', 'AA0']","['V', 'AA']",Voiced,Labiodental,Fricative,CV,Low,Central,Unrounded
134,"['V', 'AY0']","['V', 'AY']",Voiced,Labiodental,Fricative,CV,Low-Mid,Front,Unrounded
135,"['V', 'ER0']","['V', 'ER']",Voiced,Labiodental,Fricative,CV,Low-Mid,Central,Unrounded
136,"['V', 'AO0']","['V', 'AO']",Voiced,Labiodental,Fricative,CV,Low-Mid,Back,Rounded
137,"['V', 'UW0']","['V', 'UW']",Voiced,Labiodental,Fricative,CV,High,Back,Rounded
138,"['V', 'IH0']","['V', 'IH']",Voiced,Labiodental,Fricative,CV,High,Front,Unrounded
139,"['V', 'EH0']","['V', 'EH']",Voiced,Labiodental,Fricative,CV,Low-Mid,Front,Unrounded
140,"['V', 'UH0']","['V', 'UH']",Voiced,Labiodental,Fricative,CV,High,Back,Rounded
141,"['V', 'IY0']","['V', 'IY']",Voiced,Labiodental,Fricative,CV,High,Front,Unrounded
142,"['V', 'AE0']","['V', 'AE']",Voiced,Labiodental,Fricative,CV,Low,Front,Unrounded
143,"['DH', 'AH0']","['DH', 'AH']",Voiced,Dental,Fricative,CV,Low,Central,Unrounded
144,"['DH', 'AA0']","['DH', 'AA']",Voiced,Dental,Fricative,CV,Low,Central,Unrounded
145,"['DH', 'AY0']","['DH', 'AY']",Voiced,Dental,Fricative,CV,Low-Mid,Front,Unrounded
146,"['DH', 'ER0']","['DH', 'ER']",Voiced,Dental,Fricative,CV,Low-Mid,Central,Unrounded
147,"['DH', 'AO0']","['DH', 'AO']",Voiced,Dental,Fricative,CV,Low-Mid,Back,Rounded
148,"['DH', 'UW0']","['DH', 'UW']",Voiced,Dental,Fricative,CV,High,Back,Rounded
149,"['DH', 'IH0']","['DH', 'IH']",Voiced,Dental,Fricative,CV,High,Front,Unrounded
150,"['DH', 'EH0']","['DH', 'EH']",Voiced,Dental,Fricative,CV,Low-Mid,Front,Unrounded
151,"['DH', 'UH0']","['DH', 'UH']",Voiced,Dental,Fricative,CV,High,Back,Rounded
152,"['DH', 'IY0']","['DH', 'IY']",Voiced,Dental,Fricative,CV,High,Front,Unrounded
153,"['DH', 'AE0']","['DH', 'AE']",Voiced,Dental,Fricative,CV,Low,Front,Unrounded
154,"['HH', 'AH0']","['HH', 'AH']",Voiceless,Glottal,Fricative,CV,Low,Central,Unrounded
155,"['HH', 'AA0']","['HH', 'AA']",Voiceless,Glottal,Fricative,CV,Low,Central,Unrounded
156,"['HH', 'AY0']","['HH', 'AY']",Voiceless,Glottal,Fricative,CV,Low-Mid,Front,Unrounded
157,"['HH', 'ER0']","['HH', 'ER']",Voiceless,Glottal,Fricative,CV,Low-Mid,Central,Unrounded
158,"['HH', 'AO0']","['HH', 'AO']",Voiceless,Glottal,Fricative,CV,Low-Mid,Back,Rounded
159,"['HH', 'UW0']","['HH', 'UW']",Voiceless,Glottal,Fricative,CV,High,Back,Rounded
160,"['HH', 'IH0']","['HH', 'IH']",Voiceless,Glottal,Fricative,CV,High,Front,Unrounded
161,"['HH', 'EH0']","['HH', 'EH']",Voiceless,Glottal,Fricative,CV,Low-Mid,Front,Unrounded
162,"['HH', 'UH0']","['HH', 'UH']",Voiceless,Glottal,Fricative,CV,High,Back,Rounded
163,"['HH', 'IY0']","['HH', 'IY']",Voiceless,Glottal,Fricative,CV,High,Front,Unrounded
164,"['HH', 'AE0']","['HH', 'AE']",Voiceless,Glottal,Fricative,CV,Low,Front,Unrounded
165,"['CH', 'AH0']","['CH', 'AH']",Voiceless,Palatal,Affricate,CV,Low,Central,Unrounded
166,"['CH', 'AA0']","['CH', 'AA']",Voiceless,Palatal,Affricate,CV,Low,Central,Unrounded
167,"['CH', 'AY0']","['CH', 'AY']",Voiceless,Palatal,Affricate,CV,Low-Mid,Front,Unrounded
168,"['CH', 'ER0']","['CH', 'ER']",Voiceless,Palatal,Affricate,CV,Low-Mid,Central,Unrounded
169,"['CH', 'AO0']","['CH', 'AO']",Voiceless,Palatal,Affricate,CV,Low-Mid,Back,Rounded
170,"['CH', 'UW0']","['CH', 'UW']",Voiceless,Palatal,Affricate,CV,High,Back,Rounded
171,"['CH', 'IH0']","['CH', 'IH']",Voiceless,Palatal,Affricate,CV,High,Front,Unrounded
172,"['CH', 'EH0']","['CH', 'EH']",Voiceless,Palatal,Affricate,CV,Low-Mid,Front,Unrounded
173,"['CH', 'UH0']","['CH', 'UH']",Voiceless,Palatal,Affricate,CV,High,Back,Rounded
174,"['CH', 'IY0']","['CH', 'IY']",Voiceless,Palatal,Affricate,CV,High,Front,Unrounded
175,"['CH', 'AE0']","['CH', 'AE']",Voiceless,Palatal,Affricate,CV,Low,Front,Unrounded
176,"['JH', 'AH0']","['JH', 'AH']",Voiced,Palatal,Affricate,CV,Low,Central,Unrounded
177,"['JH', 'AA0']","['JH', 'AA']",Voiced,Palatal,Affricate,CV,Low,Central,Unrounded
178,"['JH', 'AY0']","['JH', 'AY']",Voiced,Palatal,Affricate,CV,Low-Mid,Front,Unrounded
179,"['JH', 'ER0']","['JH', 'ER']",Voiced,Palatal,Affricate,CV,Low-Mid,Central,Unrounded
180,"['JH', 'AO0']","['JH', 'AO']",Voiced,Palatal,Affricate,CV,Low-Mid,Back,Rounded
181,"['JH', 'UW0']","['JH', 'UW']",Voiced,Palatal,Affricate,CV,High,Back,Rounded
182,"['JH', 'IH0']","['JH', 'IH']",Voiced,Palatal,Affricate,CV,High,Front,Unrounded
183,"['JH', 'EH0']","['JH', 'EH']",Voiced,Palatal,Affricate,CV,Low-Mid,Front,Unrounded
184,"['JH', 'UH0']","['JH', 'UH']",Voiced,Palatal,Affricate,CV,High,Back,Rounded
185,"['JH', 'IY0']","['JH', 'IY']",Voiced,Palatal,Affricate,CV,High,Front,Unrounded
186,"['JH', 'AE0']","['JH', 'AE']",Voiced,Palatal,Affricate,CV,Low,Front,Unrounded
187,"['M', 'AH0']","['M', 'AH']",Voiced,Bilabial,Nasal,CV,Low,Central,Unrounded
188,"['M', 'AA0']","['M', 'AA']",Voiced,Bilabial,Nasal,CV,Low,Central,Unrounded
189,"['M', 'AY0']","['M', 'AY']",Voiced,Bilabial,Nasal,CV,Low-Mid,Front,Unrounded
190,"['M', 'ER0']","['M', 'ER']",Voiced,Bilabial,Nasal,CV,Low-Mid,Central,Unrounded
191,"['M', 'AO0']","['M', 'AO']",Voiced,Bilabial,Nasal,CV,Low-Mid,Back,Rounded
192,"['M', 'UW0']","['M', 'UW']",Voiced,Bilabial,Nasal,CV,High,Back,Rounded
193,"['M', 'IH0']","['M', 'IH']",Voiced,Bilabial,Nasal,CV,High,Front,Unrounded
194,"['M', 'EH0']","['M', 'EH']",Voiced,Bilabial,Nasal,CV,Low-Mid,Front,Unrounded
195,"['M', 'UH0']","['M', 'UH']",Voiced,Bilabial,Nasal,CV,High,Back,Rounded
196,"['M', 'IY0']","['M', 'IY']",Voiced,Bilabial,Nasal,CV,High,Front,Unrounded
197,"['M', 'AE0']","['M', 'AE']",Voiced,Bilabial,Nasal,CV,Low,Front,Unrounded
198,"['N', 'AH0']","['N', 'AH']",Voiced,Alveolar,Nasal,CV,Low,Central,Unrounded
199,"['N', 'AA0']","['N', 'AA']",Voiced,Alveolar,Nasal,CV,Low,Central,Unrounded
200,"['N', 'AY0']","['N', 'AY']",Voiced,Alveolar,Nasal,CV,Low-Mid,Front,Unrounded
201,"['N', 'ER0']","['N', 'ER']",Voiced,Alveolar,Nasal,CV,Low-Mid,Central,Unrounded
202,"['N', 'AO0']","['N', 'AO']",Voiced,Alveolar,Nasal,CV,Low-Mid,Back,Rounded
203,"['N', 'UW0']","['N', 'UW']",Voiced,Alveolar,Nasal,CV,High,Back,Rounded
204,"['N', 'IH0']","['N', 'IH']",Voiced,Alveolar,Nasal,CV,High,Front,Unrounded
205,"['N', 'EH0']","['N', 'EH']",Voiced,Alveolar,Nasal,CV,Low-Mid,Front,Unrounded
206,"['N', 'UH0']","['N', 'UH']",Voiced,Alveolar,Nasal,CV,High,Back,Rounded
207,"['N', 'IY0']","['N', 'IY']",Voiced,Alveolar,Nasal,CV,High,Front,Unrounded
208,"['N', 'AE0']","['N', 'AE']",Voiced,Alveolar,Nasal,CV,Low,Front,Unrounded
209,"['NG', 'AH0']","['NG', 'AH']",Voiced,Velar,Nasal,CV,Low,Central,Unrounded
210,"['NG', 'AA0']","['NG', 'AA']",Voiced,Velar,Nasal,CV,Low,Central,Unrounded
211,"['NG', 'AY0']","['NG', 'AY']",Voiced,Velar,Nasal,CV,Low-Mid,Front,Unrounded
212,"['NG', 'ER0']","['NG', 'ER']",Voiced,Velar,Nasal,CV,Low-Mid,Central,Unrounded
213,"['NG', 'AO0']","['NG', 'AO']",Voiced,Velar,Nasal,CV,Low-Mid,Back,Rounded
214,"['NG', 'UW0']","['NG', 'UW']",Voiced,Velar,Nasal,CV,High,Back,Rounded
215,"['NG', 'IH0']","['NG', 'IH']",Voiced,Velar,Nasal,CV,High,Front,Unrounded
216,"['NG', 'EH0']","['NG', 'EH']",Voiced,Velar,Nasal,CV,Low-Mid,Front,Unrounded
217,"['NG', 'UH0']","['NG', 'UH']",Voiced,Velar,Nasal,CV,High,Back,Rounded
218,"['NG', 'IY0']","['NG', 'IY']",Voiced,Velar,Nasal,CV,High,Front,Unrounded
219,"['NG', 'AE0']","['NG', 'AE']",Voiced,Velar,Nasal,CV,Low,Front,Unrounded
220,"['L', 'AH0']","['L', 'AH']",Voiced,Alveolar,Liquid,CV,Low,Central,Unrounded
221,"['L', 'AA0']","['L', 'AA']",Voiced,Alveolar,Liquid,CV,Low,Central,Unrounded
222,"['L', 'AY0']","['L', 'AY']",Voiced,Alveolar,Liquid,CV,Low-Mid,Front,Unrounded
223,"['L', 'ER0']","['L', 'ER']",Voiced,Alveolar,Liquid,CV,Low-Mid,Central,Unrounded
224,"['L', 'AO0']","['L', 'AO']",Voiced,Alveolar,Liquid,CV,Low-Mid,Back,Rounded
225,"['L', 'UW0']","['L', 'UW']",Voiced,Alveolar,Liquid,CV,High,Back,Rounded
226,"['L', 'IH0']","['L', 'IH']",Voiced,Alveolar,Liquid,CV,High,Front,Unrounded
227,"['L', 'EH0']","['L', 'EH']",Voiced,Alveolar,Liquid,CV,Low-Mid,Front,Unrounded
228,"['L', 'UH0']","['L', 'UH']",Voiced,Alveolar,Liquid,CV,High,Back,Rounded
229,"['L', 'IY0']","['L', 'IY']",Voiced,Alveolar,Liquid,CV,High,Front,Unrounded
230,"['L', 'AE0']","['L', 'AE']",Voiced,Alveolar,Liquid,CV,Low,Front,Unrounded
231,"['R', 'AH0']","['R', 'AH']",Voiced,Alveolar,Liquid,CV,Low,Central,Unrounded
232,"['R', 'AA0']","['R', 'AA']",Voiced,Alveolar,Liquid,CV,Low,Central,Unrounded
233,"['R', 'AY0']","['R', 'AY']",Voiced,Alveolar,Liquid,CV,Low-Mid,Front,Unrounded
234,"['R', 'ER0']","['R', 'ER']",Voiced,Alveolar,Liquid,CV,Low-Mid,Central,Unrounded
235,"['R', 'AO0']","['R', 'AO']",Voiced,Alveolar,Liquid,CV,Low-Mid,Back,Rounded
236,"['R', 'UW0']","['R', 'UW']",Voiced,Alveolar,Liquid,CV,High,Back,Rounded
237,"['R', 'IH0']","['R', 'IH']",Voiced,Alveolar,Liquid,CV,High,Front,Unrounded
238,"['R', 'EH0']","['R', 'EH']",Voiced,Alveolar,Liquid,CV,Low-Mid,Front,Unrounded
239,"['R', 'UH0']","['R', 'UH']",Voiced,Alveolar,Liquid,CV,High,Back,Rounded
240,"['R', 'IY0']","['R', 'IY']",Voiced,Alveolar,Liquid,CV,High,Front,Unrounded
241,"['R', 'AE0']","['R', 'AE']",Voiced,Alveolar,Liquid,CV,Low,Front,Unrounded
242,"['W', 'AH0']","['W', 'AH']",Voiced,Bilabial,Glide,CV,Low,Central,Unrounded
243,"['W', 'AA0']","['W', 'AA']",Voiced,Bilabial,Glide,CV,Low,Central,Unrounded
244,"['W', 'AY0']","['W', 'AY']",Voiced,Bilabial,Glide,CV,Low-Mid,Front,Unrounded
245,"['W', 'ER0']","['W', 'ER']",Voiced,Bilabial,Glide,CV,Low-Mid,Central,Unrounded
246,"['W', 'AO0']","['W', 'AO']",Voiced,Bilabial,Glide,CV,Low-Mid,Back,Rounded
247,"['W', 'UW0']","['W', 'UW']",Voiced,Bilabial,Glide,CV,High,Back,Rounded
248,"['W', 'IH0']","['W', 'IH']",Voiced,Bilabial,Glide,CV,High,Front,Unrounded
249,"['W', 'EH0']","['W', 'EH']",Voiced,Bilabial,Glide,CV,Low-Mid,Front,Unrounded
250,"['W', 'UH0']","['W', 'UH']",Voiced,Bilabial,Glide,CV,High,Back,Rounded
251,"['W', 'IY0']","['W', 'IY']",Voiced,Bilabial,Glide,CV,High,Front,Unrounded
252,"['W', 'AE0']","['W', 'AE']",Voiced,Bilabial,Glide,CV,Low,Front,Unrounded
253,"['Y', 'AH0']","['Y', 'AH']",Voiced,Palatal,Glide,CV,Low,Central,Unrounded
254,"['Y', 'AA0']","['Y', 'AA']",Voiced,Palatal,Glide,CV,Low,Central,Unrounded
255,"['Y', 'AY0']","['Y', 'AY']",Voiced,Palatal,Glide,CV,Low-Mid,Front,Unrounded
256,"['Y', 'ER0']","['Y', 'ER']",Voiced,Palatal,Glide,CV,Low-Mid,Central,Unrounded
257,"['Y', 'AO0']","['Y', 'AO']",Voiced,Palatal,Glide,CV,Low-Mid,Back,Rounded
258,"['Y', 'UW0']","['Y', 'UW']",Voiced,Palatal,Glide,CV,High,Back,Rounded
259,"['Y', 'IH0']","['Y', 'IH']",Voiced,Palatal,Glide,CV,High,Front,Unrounded
260,"['Y', 'EH0']","['Y', 'EH']",Voiced,Palatal,Glide,CV,Low-Mid,Front,Unrounded
261,"['Y', 'UH0']","['Y', 'UH']",Voiced,Palatal,Glide,CV,High,Back,Rounded
262,"['Y', 'IY0']","['Y', 'IY']",Voiced,Palatal,Glide,CV,High,Front,Unrounded
263,"['Y', 'AE0']","['Y', 'AE']",Voiced,Palatal,Glide,CV,Low,Front,Unrounded
264,"['AH0', 'P']","['AH', 'P']",Voiceless,Bilabial,Plosive,VC,Low,Central,Unrounded
265,"['AA0', 'P']","['AA', 'P']",Voiceless,Bilabial,Plosive,VC,Low,Central,Unrounded
266,"['AY0', 'P']","['AY', 'P']",Voiceless,Bilabial,Plosive,VC,Low-Mid,Front,Unrounded
267,"['ER0', 'P']","['ER', 'P']",Voiceless,Bilabial,Plosive,VC,Low-Mid,Central,Unrounded
268,"['AO0', 'P']","['AO', 'P']",Voiceless,Bilabial,Plosive,VC,Low-Mid,Back,Rounded
269,"['UW0', 'P']","['UW', 'P']",Voiceless,Bilabial,Plosive,VC,High,Back,Rounded
270,"['IH0', 'P']","['IH', 'P']",Voiceless,Bilabial,Plosive,VC,High,Front,Unrounded
271,"['EH0', 'P']","['EH', 'P']",Voiceless,Bilabial,Plosive,VC,Low-Mid,Front,Unrounded
272,"['UH0', 'P']","['UH', 'P']",Voiceless,Bilabial,Plosive,VC,High,Back,Rounded
273,"['IY0', 'P']","['IY', 'P']",Voiceless,Bilabial,Plosive,VC,High,Front,Unrounded
274,"['AE0', 'P']","['AE', 'P']",Voiceless,Bilabial,Plosive,VC,Low,Front,Unrounded
275,"['AH0', 'T']","['AH', 'T']",Voiceless,Alveolar,Plosive,VC,Low,Central,Unrounded
276,"['AA0', 'T']","['AA', 'T']",Voiceless,Alveolar,Plosive,VC,Low,Central,Unrounded
277,"['AY0', 'T']","['AY', 'T']",Voiceless,Alveolar,Plosive,VC,Low-Mid,Front,Unrounded
278,"['ER0', 'T']","['ER', 'T']",Voiceless,Alveolar,Plosive,VC,Low-Mid,Central,Unrounded
279,"['AO0', 'T']","['AO', 'T']",Voiceless,Alveolar,Plosive,VC,Low-Mid,Back,Rounded
280,"['UW0', 'T']","['UW', 'T']",Voiceless,Alveolar,Plosive,VC,High,Back,Rounded
281,"['IH0', 'T']","['IH', 'T']",Voiceless,Alveolar,Plosive,VC,High,Front,Unrounded
282,"['EH0', 'T']","['EH', 'T']",Voiceless,Alveolar,Plosive,VC,Low-Mid,Front,Unrounded
283,"['UH0', 'T']","['UH', 'T']",Voiceless,Alveolar,Plosive,VC,High,Back,Rounded
284,"['IY0', 'T']","['IY', 'T']",Voiceless,Alveolar,Plosive,VC,High,Front,Unrounded
285,"['AE0', 'T']","['AE', 'T']",Voiceless,Alveolar,Plosive,VC,Low,Front,Unrounded
286,"['AH0', 'K']","['AH', 'K']",Voiceless,Velar,Plosive,VC,Low,Central,Unrounded
287,"['AA0', 'K']","['AA', 'K']",Voiceless,Velar,Plosive,VC,Low,Central,Unrounded
288,"['AY0', 'K']","['AY', 'K']",Voiceless,Velar,Plosive,VC,Low-Mid,Front,Unrounded
289,"['ER0', 'K']","['ER', 'K']",Voiceless,Velar,Plosive,VC,Low-Mid,Central,Unrounded
290,"['AO0', 'K']","['AO', 'K']",Voiceless,Velar,Plosive,VC,Low-Mid,Back,Rounded
291,"['UW0', 'K']","['UW', 'K']",Voiceless,Velar,Plosive,VC,High,Back,Rounded
292,"['IH0', 'K']","['IH', 'K']",Voiceless,Velar,Plosive,VC,High,Front,Unrounded
293,"['EH0', 'K']","['EH', 'K']",Voiceless,Velar,Plosive,VC,Low-Mid,Front,Unrounded
294,"['UH0', 'K']","['UH', 'K']",Voiceless,Velar,Plosive,VC,High,Back,Rounded
295,"['IY0', 'K']","['IY', 'K']",Voiceless,Velar,Plosive,VC,High,Front,Unrounded
296,"['AE0', 'K']","['AE', 'K']",Voiceless,Velar,Plosive,VC,Low,Front,Unrounded
297,"['AH0', 'B']","['AH', 'B']",Voiced,Bilabial,Plosive,VC,Low,Central,Unrounded
298,"['AA0', 'B']","['AA', 'B']",Voiced,Bilabial,Plosive,VC,Low,Central,Unrounded
299,"['AY0', 'B']","['AY', 'B']",Voiced,Bilabial,Plosive,VC,Low-Mid,Front,Unrounded
300,"['ER0', 'B']","['ER', 'B']",Voiced,Bilabial,Plosive,VC,Low-Mid,Central,Unrounded
301,"['AO0', 'B']","['AO', 'B']",Voiced,Bilabial,Plosive,VC,Low-Mid,Back,Rounded
302,"['UW0', 'B']","['UW', 'B']",Voiced,Bilabial,Plosive,VC,High,Back,Rounded
303,"['IH0', 'B']","['IH', 'B']",Voiced,Bilabial,Plosive,VC,High,Front,Unrounded
304,"['EH0', 'B']","['EH', 'B']",Voiced,Bilabial,Plosive,VC,Low-Mid,Front,Unrounded
305,"['UH0', 'B']","['UH', 'B']",Voiced,Bilabial,Plosive,VC,High,Back,Rounded
306,"['IY0', 'B']","['IY', 'B']",Voiced,Bilabial,Plosive,VC,High,Front,Unrounded
307,"['AE0', 'B']","['AE', 'B']",Voiced,Bilabial,Plosive,VC,Low,Front,Unrounded
308,"['AH0', 'D']","['AH', 'D']",Voiced,Alveolar,Plosive,VC,Low,Central,Unrounded
309,"['AA0', 'D']","['AA', 'D']",Voiced,Alveolar,Plosive,VC,Low,Central,Unrounded
310,"['AY0', 'D']","['AY', 'D']",Voiced,Alveolar,Plosive,VC,Low-Mid,Front,Unrounded
311,"['ER0', 'D']","['ER', 'D']",Voiced,Alveolar,Plosive,VC,Low-Mid,Central,Unrounded
312,"['AO0', 'D']","['AO', 'D']",Voiced,Alveolar,Plosive,VC,Low-Mid,Back,Rounded
313,"['UW0', 'D']","['UW', 'D']",Voiced,Alveolar,Plosive,VC,High,Back,Rounded
314,"['IH0', 'D']","['IH', 'D']",Voiced,Alveolar,Plosive,VC,High,Front,Unrounded
315,"['EH0', 'D']","['EH', 'D']",Voiced,Alveolar,Plosive,VC,Low-Mid,Front,Unrounded
316,"['UH0', 'D']","['UH', 'D']",Voiced,Alveolar,Plosive,VC,High,Back,Rounded
317,"['IY0', 'D']","['IY', 'D']",Voiced,Alveolar,Plosive,VC,High,Front,Unrounded
318,"['AE0', 'D']","['AE', 'D']",Voiced,Alveolar,Plosive,VC,Low,Front,Unrounded
319,"['AH0', 'G']","['AH', 'G']",Voiced,Velar,Plosive,VC,Low,Central,Unrounded
320,"['AA0', 'G']","['AA', 'G']",Voiced,Velar,Plosive,VC,Low,Central,Unrounded
321,"['AY0', 'G']","['AY', 'G']",Voiced,Velar,Plosive,VC,Low-Mid,Front,Unrounded
322,"['ER0', 'G']","['ER', 'G']",Voiced,Velar,Plosive,VC,Low-Mid,Central,Unrounded
323,"['AO0', 'G']","['AO', 'G']",Voiced,Velar,Plosive,VC,Low-Mid,Back,Rounded
324,"['UW0', 'G']","['UW', 'G']",Voiced,Velar,Plosive,VC,High,Back,Rounded
325,"['IH0', 'G']","['IH', 'G']",Voiced,Velar,Plosive,VC,High,Front,Unrounded
326,"['EH0', 'G']","['EH', 'G']",Voiced,Velar,Plosive,VC,Low-Mid,Front,Unrounded
327,"['UH0', 'G']","['UH', 'G']",Voiced,Velar,Plosive,VC,High,Back,Rounded
328,"['IY0', 'G']","['IY', 'G']",Voiced,Velar,Plosive,VC,High,Front,Unrounded
329,"['AE0', 'G']","['AE', 'G']",Voiced,Velar,Plosive,VC,Low,Front,Unrounded
330,"['AH0', 'F']","['AH', 'F']",Voiceless,Labiodental,Fricative,VC,Low,Central,Unrounded
331,"['AA0', 'F']","['AA', 'F']",Voiceless,Labiodental,Fricative,VC,Low,Central,Unrounded
332,"['AY0', 'F']","['AY', 'F']",Voiceless,Labiodental,Fricative,VC,Low-Mid,Front,Unrounded
333,"['ER0', 'F']","['ER', 'F']",Voiceless,Labiodental,Fricative,VC,Low-Mid,Central,Unrounded
334,"['AO0', 'F']","['AO', 'F']",Voiceless,Labiodental,Fricative,VC,Low-Mid,Back,Rounded
335,"['UW0', 'F']","['UW', 'F']",Voiceless,Labiodental,Fricative,VC,High,Back,Rounded
336,"['IH0', 'F']","['IH', 'F']",Voiceless,Labiodental,Fricative,VC,High,Front,Unrounded
337,"['EH0', 'F']","['EH', 'F']",Voiceless,Labiodental,Fricative,VC,Low-Mid,Front,Unrounded
338,"['UH0', 'F']","['UH', 'F']",Voiceless,Labiodental,Fricative,VC,High,Back,Rounded
339,"['IY0', 'F']","['IY', 'F']",Voiceless,Labiodental,Fricative,VC,High,Front,Unrounded
340,"['AE0', 'F']","['AE', 'F']",Voiceless,Labiodental,Fricative,VC,Low,Front,Unrounded
341,"['AH0', 'TH']","['AH', 'TH']",Voiceless,Dental,Fricative,VC,Low,Central,Unrounded
342,"['AA0', 'TH']","['AA', 'TH']",Voiceless,Dental,Fricative,VC,Low,Central,Unrounded
343,"['AY0', 'TH']","['AY', 'TH']",Voiceless,Dental,Fricative,VC,Low-Mid,Front,Unrounded
344,"['ER0', 'TH']","['ER', 'TH']",Voiceless,Dental,Fricative,VC,Low-Mid,Central,Unrounded
345,"['AO0', 'TH']","['AO', 'TH']",Voiceless,Dental,Fricative,VC,Low-Mid,Back,Rounded
346,"['UW0', 'TH']","['UW', 'TH']",Voiceless,Dental,Fricative,VC,High,Back,Rounded
347,"['IH0', 'TH']","['IH', 'TH']",Voiceless,Dental,Fricative,VC,High,Front,Unrounded
348,"['EH0', 'TH']","['EH', 'TH']",Voiceless,Dental,Fricative,VC,Low-Mid,Front,Unrounded
349,"['UH0', 'TH']","['UH', 'TH']",Voiceless,Dental,Fricative,VC,High,Back,Rounded
350,"['IY0', 'TH']","['IY', 'TH']",Voiceless,Dental,Fricative,VC,High,Front,Unrounded
351,"['AE0', 'TH']","['AE', 'TH']",Voiceless,Dental,Fricative,VC,Low,Front,Unrounded
352,"['AH0', 'S']","['AH', 'S']",Voiceless,Alveolar,Fricative,VC,Low,Central,Unrounded
353,"['AA0', 'S']","['AA', 'S']",Voiceless,Alveolar,Fricative,VC,Low,Central,Unrounded
354,"['AY0', 'S']","['AY', 'S']",Voiceless,Alveolar,Fricative,VC,Low-Mid,Front,Unrounded
355,"['ER0', 'S']","['ER', 'S']",Voiceless,Alveolar,Fricative,VC,Low-Mid,Central,Unrounded
356,"['AO0', 'S']","['AO', 'S']",Voiceless,Alveolar,Fricative,VC,Low-Mid,Back,Rounded
357,"['UW0', 'S']","['UW', 'S']",Voiceless,Alveolar,Fricative,VC,High,Back,Rounded
358,"['IH0', 'S']","['IH', 'S']",Voiceless,Alveolar,Fricative,VC,High,Front,Unrounded
359,"['EH0', 'S']","['EH', 'S']",Voiceless,Alveolar,Fricative,VC,Low-Mid,Front,Unrounded
360,"['UH0', 'S']","['UH', 'S']",Voiceless,Alveolar,Fricative,VC,High,Back,Rounded
361,"['IY0', 'S']","['IY', 'S']",Voiceless,Alveolar,Fricative,VC,High,Front,Unrounded
362,"['AE0', 'S']","['AE', 'S']",Voiceless,Alveolar,Fricative,VC,Low,Front,Unrounded
363,"['AH0', 'SH']","['AH', 'SH']",Voiceless,Postalveolar,Fricative,VC,Low,Central,Unrounded
364,"['AA0', 'SH']","['AA', 'SH']",Voiceless,Postalveolar,Fricative,VC,Low,Central,Unrounded
365,"['AY0', 'SH']","['AY', 'SH']",Voiceless,Postalveolar,Fricative,VC,Low-Mid,Front,Unrounded
366,"['ER0', 'SH']","['ER', 'SH']",Voiceless,Postalveolar,Fricative,VC,Low-Mid,Central,Unrounded
367,"['AO0', 'SH']","['AO', 'SH']",Voiceless,Postalveolar,Fricative,VC,Low-Mid,Back,Rounded
368,"['UW0', 'SH']","['UW', 'SH']",Voiceless,Postalveolar,Fricative,VC,High,Back,Rounded
369,"['IH0', 'SH']","['IH', 'SH']",Voiceless,Postalveolar,Fricative,VC,High,Front,Unrounded
370,"['EH0', 'SH']","['EH', 'SH']",Voiceless,Postalveolar,Fricative,VC,Low-Mid,Front,Unrounded
371,"['UH0', 'SH']","['UH', 'SH']",Voiceless,Postalveolar,Fricative,VC,High,Back,Rounded
372,"['IY0', 'SH']","['IY', 'SH']",Voiceless,Postalveolar,Fricative,VC,High,Front,Unrounded
373,"['AE0', 'SH']","['AE', 'SH']",Voiceless,Postalveolar,Fricative,VC,Low,Front,Unrounded
374,"['AH0', 'Z']","['AH', 'Z']",Voiced,Alveolar,Fricative,VC,Low,Central,Unrounded
375,"['AA0', 'Z']","['AA', 'Z']",Voiced,Alveolar,Fricative,VC,Low,Central,Unrounded
376,"['AY0', 'Z']","['AY', 'Z']",Voiced,Alveolar,Fricative,VC,Low-Mid,Front,Unrounded
377,"['ER0', 'Z']","['ER', 'Z']",Voiced,Alveolar,Fricative,VC,Low-Mid,Central,Unrounded
378,"['AO0', 'Z']","['AO', 'Z']",Voiced,Alveolar,Fricative,VC,Low-Mid,Back,Rounded
379,"['UW0', 'Z']","['UW', 'Z']",Voiced,Alveolar,Fricative,VC,High,Back,Rounded
380,"['IH0', 'Z']","['IH', 'Z']",Voiced,Alveolar,Fricative,VC,High,Front,Unrounded
381,"['EH0', 'Z']","['EH', 'Z']",Voiced,Alveolar,Fricative,VC,Low-Mid,Front,Unrounded
382,"['UH0', 'Z']","['UH', 'Z']",Voiced,Alveolar,Fricative,VC,High,Back,Rounded
383,"['IY0', 'Z']","['IY', 'Z']",Voiced,Alveolar,Fricative,VC,High,Front,Unrounded
384,"['AE0', 'Z']","['AE', 'Z']",Voiced,Alveolar,Fricative,VC,Low,Front,Unrounded
385,"['AH0', 'ZH']","['AH', 'ZH']",Voiced,Postalveolar,Fricative,VC,Low,Central,Unrounded
386,"['AA0', 'ZH']","['AA', 'ZH']",Voiced,Postalveolar,Fricative,VC,Low,Central,Unrounded
387,"['AY0', 'ZH']","['AY', 'ZH']",Voiced,Postalveolar,Fricative,VC,Low-Mid,Front,Unrounded
388,"['ER0', 'ZH']","['ER', 'ZH']",Voiced,Postalveolar,Fricative,VC,Low-Mid,Central,Unrounded
389,"['AO0', 'ZH']","['AO', 'ZH']",Voiced,Postalveolar,Fricative,VC,Low-Mid,Back,Rounded
390,"['UW0', 'ZH']","['UW', 'ZH']",Voiced,Postalveolar,Fricative,VC,High,Back,Rounded
391,"['IH0', 'ZH']","['IH', 'ZH']",Voiced,Postalveolar,Fricative,VC,High,Front,Unrounded
392,"['EH0', 'ZH']","['EH', 'ZH']",Voiced,Postalveolar,Fricative,VC,Low-Mid,Front,Unrounded
393,"['UH0', 'ZH']","['UH', 'ZH']",Voiced,Postalveolar,Fricative,VC,High,Back,Rounded
394,"['IY0', 'ZH']","['IY', 'ZH']",Voiced,Postalveolar,Fricative,VC,High,Front,Unrounded
395,"['AE0', 'ZH']","['AE', 'ZH']",Voiced,Postalveolar,Fricative,VC,Low,Front,Unrounded
396,"['AH0', 'V']","['AH', 'V']",Voiced,Labiodental,Fricative,VC,Low,Central,Unrounded
397,"['AA0', 'V']","['AA', 'V']",Voiced,Labiodental,Fricative,VC,Low,Central,Unrounded
398,"['AY0', 'V']","['AY', 'V']",Voiced,Labiodental,Fricative,VC,Low-Mid,Front,Unrounded
399,"['ER0', 'V']","['ER', 'V']",Voiced,Labiodental,Fricative,VC,Low-Mid,Central,Unrounded
400,"['AO0', 'V']","['AO', 'V']",Voiced,Labiodental,Fricative,VC,Low-Mid,Back,Rounded
401,"['UW0', 'V']","['UW', 'V']",Voiced,Labiodental,Fricative,VC,High,Back,Rounded
402,"['IH0', 'V']","['IH', 'V']",Voiced,Labiodental,Fricative,VC,High,Front,Unrounded
403,"['EH0', 'V']","['EH', 'V']",Voiced,Labiodental,Fricative,VC,Low-Mid,Front,Unrounded
404,"['UH0', 'V']","['UH', 'V']",Voiced,Labiodental,Fricative,VC,High,Back,Rounded
405,"['IY0', 'V']","['IY', 'V']",Voiced,Labiodental,Fricative,VC,High,Front,Unrounded
406,"['AE0', 'V']","['AE', 'V']",Voiced,Labiodental,Fricative,VC,Low,Front,Unrounded
407,"['AH0', 'DH']","['AH', 'DH']",Voiced,Dental,Fricative,VC,Low,Central,Unrounded
408,"['AA0', 'DH']","['AA', 'DH']",Voiced,Dental,Fricative,VC,Low,Central,Unrounded
409,"['AY0', 'DH']","['AY', 'DH']",Voiced,Dental,Fricative,VC,Low-Mid,Front,Unrounded
410,"['ER0', 'DH']","['ER', 'DH']",Voiced,Dental,Fricative,VC,Low-Mid,Central,Unrounded
411,"['AO0', 'DH']","['AO', 'DH']",Voiced,Dental,Fricative,VC,Low-Mid,Back,Rounded
412,"['UW0', 'DH']","['UW', 'DH']",Voiced,Dental,Fricative,VC,High,Back,Rounded
413,"['IH0', 'DH']","['IH', 'DH']",Voiced,Dental,Fricative,VC,High,Front,Unrounded
414,"['EH0', 'DH']","['EH', 'DH']",Voiced,Dental,Fricative,VC,Low-Mid,Front,Unrounded
415,"['UH0', 'DH']","['UH', 'DH']",Voiced,Dental,Fricative,VC,High,Back,Rounded
416,"['IY0', 'DH']","['IY', 'DH']",Voiced,Dental,Fricative,VC,High,Front,Unrounded
417,"['AE0', 'DH']","['AE', 'DH']",Voiced,Dental,Fricative,VC,Low,Front,Unrounded
418,"['AH0', 'HH']","['AH', 'HH']",Voiceless,Glottal,Fricative,VC,Low,Central,Unrounded
419,"['AA0', 'HH']","['AA', 'HH']",Voiceless,Glottal,Fricative,VC,Low,Central,Unrounded
420,"['AY0', 'HH']","['AY', 'HH']",Voiceless,Glottal,Fricative,VC,Low-Mid,Front,Unrounded
421,"['ER0', 'HH']","['ER', 'HH']",Voiceless,Glottal,Fricative,VC,Low-Mid,Central,Unrounded
422,"['AO0', 'HH']","['AO', 'HH']",Voiceless,Glottal,Fricative,VC,Low-Mid,Back,Rounded
423,"['UW0', 'HH']","['UW', 'HH']",Voiceless,Glottal,Fricative,VC,High,Back,Rounded
424,"['IH0', 'HH']","['IH', 'HH']",Voiceless,Glottal,Fricative,VC,High,Front,Unrounded
425,"['EH0', 'HH']","['EH', 'HH']",Voiceless,Glottal,Fricative,VC,Low-Mid,Front,Unrounded
426,"['UH0', 'HH']","['UH', 'HH']",Voiceless,Glottal,Fricative,VC,High,Back,Rounded
427,"['IY0', 'HH']","['IY', 'HH']",Voiceless,Glottal,Fricative,VC,High,Front,Unrounded
428,"['AE0', 'HH']","['AE', 'HH']",Voiceless,Glottal,Fricative,VC,Low,Front,Unrounded
429,"['AH0', 'CH']","['AH', 'CH']",Voiceless,Palatal,Affricate,VC,Low,Central,Unrounded
430,"['AA0', 'CH']","['AA', 'CH']",Voiceless,Palatal,Affricate,VC,Low,Central,Unrounded
431,"['AY0', 'CH']","['AY', 'CH']",Voiceless,Palatal,Affricate,VC,Low-Mid,Front,Unrounded
432,"['ER0', 'CH']","['ER', 'CH']",Voiceless,Palatal,Affricate,VC,Low-Mid,Central,Unrounded
433,"['AO0', 'CH']","['AO', 'CH']",Voiceless,Palatal,Affricate,VC,Low-Mid,Back,Rounded
434,"['UW0', 'CH']","['UW', 'CH']",Voiceless,Palatal,Affricate,VC,High,Back,Rounded
435,"['IH0', 'CH']","['IH', 'CH']",Voiceless,Palatal,Affricate,VC,High,Front,Unrounded
436,"['EH0', 'CH']","['EH', 'CH']",Voiceless,Palatal,Affricate,VC,Low-Mid,Front,Unrounded
437,"['UH0', 'CH']","['UH', 'CH']",Voiceless,Palatal,Affricate,VC,High,Back,Rounded
438,"['IY0', 'CH']","['IY', 'CH']",Voiceless,Palatal,Affricate,VC,High,Front,Unrounded
439,"['AE0', 'CH']","['AE', 'CH']",Voiceless,Palatal,Affricate,VC,Low,Front,Unrounded
440,"['AH0', 'JH']","['AH', 'JH']",Voiced,Palatal,Affricate,VC,Low,Central,Unrounded
441,"['AA0', 'JH']","['AA', 'JH']",Voiced,Palatal,Affricate,VC,Low,Central,Unrounded
442,"['AY0', 'JH']","['AY', 'JH']",Voiced,Palatal,Affricate,VC,Low-Mid,Front,Unrounded
443,"['ER0', 'JH']","['ER', 'JH']",Voiced,Palatal,Affricate,VC,Low-Mid,Central,Unrounded
444,"['AO0', 'JH']","['AO', 'JH']",Voiced,Palatal,Affricate,VC,Low-Mid,Back,Rounded
445,"['UW0', 'JH']","['UW', 'JH']",Voiced,Palatal,Affricate,VC,High,Back,Rounded
446,"['IH0', 'JH']","['IH', 'JH']",Voiced,Palatal,Affricate,VC,High,Front,Unrounded
447,"['EH0', 'JH']","['EH', 'JH']",Voiced,Palatal,Affricate,VC,Low-Mid,Front,Unrounded
448,"['UH0', 'JH']","['UH', 'JH']",Voiced,Palatal,Affricate,VC,High,Back,Rounded
449,"['IY0', 'JH']","['IY', 'JH']",Voiced,Palatal,Affricate,VC,High,Front,Unrounded
450,"['AE0', 'JH']","['AE', 'JH']",Voiced,Palatal,Affricate,VC,Low,Front,Unrounded
451,"['AH0', 'M']","['AH', 'M']",Voiced,Bilabial,Nasal,VC,Low,Central,Unrounded
452,"['AA0', 'M']","['AA', 'M']",Voiced,Bilabial,Nasal,VC,Low,Central,Unrounded
453,"['AY0', 'M']","['AY', 'M']",Voiced,Bilabial,Nasal,VC,Low-Mid,Front,Unrounded
454,"['ER0', 'M']","['ER', 'M']",Voiced,Bilabial,Nasal,VC,Low-Mid,Central,Unrounded
455,"['AO0', 'M']","['AO', 'M']",Voiced,Bilabial,Nasal,VC,Low-Mid,Back,Rounded
456,"['UW0', 'M']","['UW', 'M']",Voiced,Bilabial,Nasal,VC,High,Back,Rounded
457,"['IH0', 'M']","['IH', 'M']",Voiced,Bilabial,Nasal,VC,High,Front,Unrounded
458,"['EH0', 'M']","['EH', 'M']",Voiced,Bilabial,Nasal,VC,Low-Mid,Front,Unrounded
459,"['UH0', 'M']","['UH', 'M']",Voiced,Bilabial,Nasal,VC,High,Back,Rounded
460,"['IY0', 'M']","['IY', 'M']",Voiced,Bilabial,Nasal,VC,High,Front,Unrounded
461,"['AE0', 'M']","['AE', 'M']",Voiced,Bilabial,Nasal,VC,Low,Front,Unrounded
462,"['AH0', 'N']","['AH', 'N']",Voiced,Alveolar,Nasal,VC,Low,Central,Unrounded
463,"['AA0', 'N']","['AA', 'N']",Voiced,Alveolar,Nasal,VC,Low,Central,Unrounded
464,"['AY0', 'N']","['AY', 'N']",Voiced,Alveolar,Nasal,VC,Low-Mid,Front,Unrounded
465,"['ER0', 'N']","['ER', 'N']",Voiced,Alveolar,Nasal,VC,Low-Mid,Central,Unrounded
466,"['AO0', 'N']","['AO', 'N']",Voiced,Alveolar,Nasal,VC,Low-Mid,Back,Rounded
467,"['UW0', 'N']","['UW', 'N']",Voiced,Alveolar,Nasal,VC,High,Back,Rounded
468,"['IH0', 'N']","['IH', 'N']",Voiced,Alveolar,Nasal,VC,High,Front,Unrounded
469,"['EH0', 'N']","['EH', 'N']",Voiced,Alveolar,Nasal,VC,Low-Mid,Front,Unrounded
470,"['UH0', 'N']","['UH', 'N']",Voiced,Alveolar,Nasal,VC,High,Back,Rounded
471,"['IY0', 'N']","['IY', 'N']",Voiced,Alveolar,Nasal,VC,High,Front,Unrounded
472,"['AE0', 'N']","['AE', 'N']",Voiced,Alveolar,Nasal,VC,Low,Front,Unrounded
473,"['AH0', 'NG']","['AH', 'NG']",Voiced,Velar,Nasal,VC,Low,Central,Unrounded
474,"['AA0', 'NG']","['AA', 'NG']",Voiced,Velar,Nasal,VC,Low,Central,Unrounded
475,"['AY0', 'NG']","['AY', 'NG']",Voiced,Velar,Nasal,VC,Low-Mid,Front,Unrounded
476,"['ER0', 'NG']","['ER', 'NG']",Voiced,Velar,Nasal,VC,Low-Mid,Central,Unrounded
477,"['AO0', 'NG']","['AO', 'NG']",Voiced,Velar,Nasal,VC,Low-Mid,Back,Rounded
478,"['UW0', 'NG']","['UW', 'NG']",Voiced,Velar,Nasal,VC,High,Back,Rounded
479,"['IH0', 'NG']","['IH', 'NG']",Voiced,Velar,Nasal,VC,High,Front,Unrounded
480,"['EH0', 'NG']","['EH', 'NG']",Voiced,Velar,Nasal,VC,Low-Mid,Front,Unrounded
481,"['UH0', 'NG']","['UH', 'NG']",Voiced,Velar,Nasal,VC,High,Back,Rounded
482,"['IY0', 'NG']","['IY', 'NG']",Voiced,Velar,Nasal,VC,High,Front,Unrounded
483,"['AE0', 'NG']","['AE', 'NG']",Voiced,Velar,Nasal,VC,Low,Front,Unrounded
484,"['AH0', 'L']","['AH', 'L']",Voiced,Alveolar,Liquid,VC,Low,Central,Unrounded
485,"['AA0', 'L']","['AA', 'L']",Voiced,Alveolar,Liquid,VC,Low,Central,Unrounded
486,"['AY0', 'L']","['AY', 'L']",Voiced,Alveolar,Liquid,VC,Low-Mid,Front,Unrounded
487,"['ER0', 'L']","['ER', 'L']",Voiced,Alveolar,Liquid,VC,Low-Mid,Central,Unrounded
488,"['AO0', 'L']","['AO', 'L']",Voiced,Alveolar,Liquid,VC,Low-Mid,Back,Rounded
489,"['UW0', 'L']","['UW', 'L']",Voiced,Alveolar,Liquid,VC,High,Back,Rounded
490,"['IH0', 'L']","['IH', 'L']",Voiced,Alveolar,Liquid,VC,High,Front,Unrounded
491,"['EH0', 'L']","['EH', 'L']",Voiced,Alveolar,Liquid,VC,Low-Mid,Front,Unrounded
492,"['UH0', 'L']","['UH', 'L']",Voiced,Alveolar,Liquid,VC,High,Back,Rounded
493,"['IY0', 'L']","['IY', 'L']",Voiced,Alveolar,Liquid,VC,High,Front,Unrounded
494,"['AE0', 'L']","['AE', 'L']",Voiced,Alveolar,Liquid,VC,Low,Front,Unrounded
495,"['AH0', 'R']","['AH', 'R']",Voiced,Alveolar,Liquid,VC,Low,Central,Unrounded
496,"['AA0', 'R']","['AA', 'R']",Voiced,Alveolar,Liquid,VC,Low,Central,Unrounded
497,"['AY0', 'R']","['AY', 'R']",Voiced,Alveolar,Liquid,VC,Low-Mid,Front,Unrounded
498,"['ER0', 'R']","['ER', 'R']",Voiced,Alveolar,Liquid,VC,Low-Mid,Central,Unrounded
499,"['AO0', 'R']","['AO', 'R']",Voiced,Alveolar,Liquid,VC,Low-Mid,Back,Rounded
500,"['UW0', 'R']","['UW', 'R']",Voiced,Alveolar,Liquid,VC,High,Back,Rounded
501,"['IH0', 'R']","['IH', 'R']",Voiced,Alveolar,Liquid,VC,High,Front,Unrounded
502,"['EH0', 'R']","['EH', 'R']",Voiced,Alveolar,Liquid,VC,Low-Mid,Front,Unrounded
503,"['UH0', 'R']","['UH', 'R']",Voiced,Alveolar,Liquid,VC,High,Back,Rounded
504,"['IY0', 'R']","['IY', 'R']",Voiced,Alveolar,Liquid,VC,High,Front,Unrounded
505,"['AE0', 'R']","['AE', 'R']",Voiced,Alveolar,Liquid,VC,Low,Front,Unrounded
506,"['AH0', 'W']","['AH', 'W']",Voiced,Bilabial,Glide,VC,Low,Central,Unrounded
507,"['AA0', 'W']","['AA', 'W']",Voiced,Bilabial,Glide,VC,Low,Central,Unrounded
508,"['AY0', 'W']","['AY', 'W']",Voiced,Bilabial,Glide,VC,Low-Mid,Front,Unrounded
509,"['ER0', 'W']","['ER', 'W']",Voiced,Bilabial,Glide,VC,Low-Mid,Central,Unrounded
510,"['AO0', 'W']","['AO', 'W']",Voiced,Bilabial,Glide,VC,Low-Mid,Back,Rounded
511,"['UW0', 'W']","['UW', 'W']",Voiced,Bilabial,Glide,VC,High,Back,Rounded
512,"['IH0', 'W']","['IH', 'W']",Voiced,Bilabial,Glide,VC,High,Front,Unrounded
513,"['EH0', 'W']","['EH', 'W']",Voiced,Bilabial,Glide,VC,Low-Mid,Front,Unrounded
514,"['UH0', 'W']","['UH', 'W']",Voiced,Bilabial,Glide,VC,High,Back,Rounded
515,"['IY0', 'W']","['IY', 'W']",Voiced,Bilabial,Glide,VC,High,Front,Unrounded
516,"['AE0', 'W']","['AE', 'W']",Voiced,Bilabial,Glide,VC,Low,Front,Unrounded
517,"['AH0', 'Y']","['AH', 'Y']",Voiced,Palatal,Glide,VC,Low,Central,Unrounded
518,"['AA0', 'Y']","['AA', 'Y']",Voiced,Palatal,Glide,VC,Low,Central,Unrounded
519,"['AY0', 'Y']","['AY', 'Y']",Voiced,Palatal,Glide,VC,Low-Mid,Front,Unrounded
520,"['ER0', 'Y']","['ER', 'Y']",Voiced,Palatal,Glide,VC,Low-Mid,Central,Unrounded
521,"['AO0', 'Y']","['AO', 'Y']",Voiced,Palatal,Glide,VC,Low-Mid,Back,Rounded
522,"['UW0', 'Y']","['UW', 'Y']",Voiced,Palatal,Glide,VC,High,Back,Rounded
523,"['IH0', 'Y']","['IH', 'Y']",Voiced,Palatal,Glide,VC,High,Front,Unrounded
524,"['EH0', 'Y']","['EH', 'Y']",Voiced,Palatal,Glide,VC,Low-Mid,Front,Unrounded
525,"['UH0', 'Y']","['UH', 'Y']",Voiced,Palatal,Glide,VC,High,Back,Rounded
526,"['IY0', 'Y']","['IY', 'Y']",Voiced,Palatal,Glide,VC,High,Front,Unrounded
527,"['AE0', 'Y']","['AE', 'Y']",Voiced,Palatal,Glide,VC,Low,Front,Unrounded
