,neuron_idx,layer_name,real_accuracy,pseudo_accuracy,low_freq_accuracy,high_freq_accuracy,simple_accuracy,complex_accuracy,primacy_accuracy,recency_accuracy,short_accuracy,long_accuracy
0,0,encoder,1.0,0.975,1.0,1.0,1.0,1.0,0.995,0.9941666666666666,1.0,0.9833333333333333
1,1,encoder,0.99,0.9575,0.9895833333333334,0.9900568181818182,0.9875,0.9925,0.9941666666666666,0.98,1.0,0.9583333333333334
2,2,encoder,0.99875,0.9675,0.9895833333333334,1.0,0.9975,1.0,0.9925,0.9925,1.0,0.9766666666666667
3,3,encoder,1.0,0.97,1.0,1.0,1.0,1.0,0.9933333333333333,0.9925,1.0,0.98
4,4,encoder,1.0,0.9725,1.0,1.0,1.0,1.0,0.995,0.9925,1.0,0.9816666666666667
5,5,encoder,1.0,0.975,1.0,1.0,1.0,1.0,0.9958333333333333,0.9941666666666666,1.0,0.9833333333333333
6,6,encoder,1.0,0.975,1.0,1.0,1.0,1.0,0.995,0.9941666666666666,1.0,0.9833333333333333
7,7,encoder,1.0,0.975,1.0,1.0,1.0,1.0,0.9958333333333333,0.9933333333333333,1.0,0.9833333333333333
8,8,encoder,1.0,0.98,1.0,1.0,1.0,1.0,0.9975,0.995,1.0,0.9866666666666667
9,9,encoder,1.0,0.9675,1.0,1.0,1.0,1.0,0.9941666666666666,0.9908333333333333,1.0,0.9783333333333333
10,10,encoder,0.995,0.9675,1.0,0.9943181818181818,0.995,0.995,0.9941666666666666,0.9891666666666666,1.0,0.9716666666666667
11,11,encoder,1.0,0.975,1.0,1.0,1.0,1.0,0.995,0.995,1.0,0.9833333333333333
12,12,encoder,1.0,0.9725,1.0,1.0,1.0,1.0,0.9941666666666666,0.9933333333333333,1.0,0.9816666666666667
13,13,encoder,1.0,0.9675,1.0,1.0,1.0,1.0,0.9966666666666667,0.99,1.0,0.9783333333333333
14,14,encoder,1.0,0.965,1.0,1.0,1.0,1.0,0.9941666666666666,0.9908333333333333,1.0,0.9766666666666667
15,15,encoder,1.0,0.97,1.0,1.0,1.0,1.0,0.9958333333333333,0.9908333333333333,1.0,0.98
16,16,encoder,1.0,0.9675,1.0,1.0,1.0,1.0,0.9941666666666666,0.9916666666666667,1.0,0.9783333333333333
17,17,encoder,0.99875,0.9675,1.0,0.9985795454545454,1.0,0.9975,0.9925,0.9916666666666667,1.0,0.9766666666666667
18,18,encoder,0.9775,0.8875,0.96875,0.9786931818181818,0.99,0.965,0.9766666666666667,0.9541666666666667,0.995,0.9
19,19,encoder,1.0,0.97,1.0,1.0,1.0,1.0,0.9958333333333333,0.9925,1.0,0.98
20,20,encoder,1.0,0.97,1.0,1.0,1.0,1.0,0.995,0.9933333333333333,1.0,0.98
21,21,encoder,0.99625,0.965,0.9895833333333334,0.9971590909090909,0.995,0.9975,0.9916666666666667,0.9883333333333333,0.9983333333333333,0.9733333333333334
22,22,encoder,0.975,0.915,0.9270833333333334,0.9815340909090909,0.9825,0.9675,0.9808333333333333,0.96,1.0,0.91
23,23,encoder,1.0,0.9625,1.0,1.0,1.0,1.0,0.9925,0.9916666666666667,1.0,0.975
24,24,encoder,0.95375,0.8975,0.9270833333333334,0.9573863636363636,0.95,0.9575,0.9716666666666667,0.9416666666666667,0.995,0.875
25,25,encoder,1.0,0.97,1.0,1.0,1.0,1.0,0.9933333333333333,0.9933333333333333,1.0,0.98
26,26,encoder,1.0,0.98,1.0,1.0,1.0,1.0,0.9966666666666667,0.995,1.0,0.9866666666666667
27,27,encoder,1.0,0.975,1.0,1.0,1.0,1.0,0.995,0.9941666666666666,1.0,0.9833333333333333
28,28,encoder,0.98125,0.9375,0.96875,0.9829545454545454,0.99,0.9725,0.98,0.9725,0.9983333333333333,0.935
29,29,encoder,0.99875,0.9725,1.0,0.9985795454545454,1.0,0.9975,0.9933333333333333,0.9925,1.0,0.98
30,30,encoder,0.99375,0.9675,0.9791666666666666,0.9957386363636364,0.995,0.9925,0.9891666666666666,0.9916666666666667,0.9983333333333333,0.9716666666666667
31,31,encoder,0.645,0.5675,0.6458333333333333,0.6448863636363636,0.65,0.64,0.6758333333333333,0.7316666666666667,0.845,0.3933333333333333
32,32,encoder,1.0,0.9725,1.0,1.0,1.0,1.0,0.9958333333333333,0.9941666666666666,1.0,0.9816666666666667
33,33,encoder,1.0,0.9725,1.0,1.0,1.0,1.0,0.995,0.9925,1.0,0.9816666666666667
34,34,encoder,0.9825,0.9375,0.9895833333333334,0.9815340909090909,0.985,0.98,0.9825,0.9725,0.9983333333333333,0.9366666666666666
35,35,encoder,0.99375,0.9525,0.96875,0.9971590909090909,0.995,0.9925,0.985,0.9858333333333333,1.0,0.96
36,36,encoder,0.99625,0.9575,1.0,0.9957386363636364,0.9975,0.995,0.9875,0.99,1.0,0.9666666666666667
37,37,encoder,1.0,0.97,1.0,1.0,1.0,1.0,0.9933333333333333,0.9925,1.0,0.98
38,38,encoder,0.99375,0.96,0.9895833333333334,0.9943181818181818,0.995,0.9925,0.9858333333333333,0.9908333333333333,1.0,0.965
39,39,encoder,1.0,0.98,1.0,1.0,1.0,1.0,0.9966666666666667,0.9958333333333333,1.0,0.9866666666666667
40,40,encoder,0.9975,0.9725,0.9895833333333334,0.9985795454545454,0.9975,0.9975,0.9966666666666667,0.9908333333333333,1.0,0.9783333333333333
41,41,encoder,1.0,0.97,1.0,1.0,1.0,1.0,0.9933333333333333,0.9941666666666666,1.0,0.98
42,42,encoder,0.985,0.945,0.9791666666666666,0.9857954545454546,0.985,0.985,0.9758333333333333,0.9883333333333333,0.9933333333333333,0.95
43,43,encoder,1.0,0.975,1.0,1.0,1.0,1.0,0.995,0.9941666666666666,1.0,0.9833333333333333
44,44,encoder,0.9975,0.97,0.9895833333333334,0.9985795454545454,1.0,0.995,0.995,0.9891666666666666,1.0,0.9766666666666667
45,45,encoder,0.98375,0.9475,0.9375,0.9900568181818182,0.98,0.9875,0.9733333333333334,0.9825,0.9983333333333333,0.945
46,46,encoder,0.99375,0.9625,0.9791666666666666,0.9957386363636364,0.9925,0.995,0.9866666666666667,0.9925,0.9983333333333333,0.9683333333333334
47,47,encoder,0.99875,0.97,1.0,0.9985795454545454,1.0,0.9975,0.995,0.9908333333333333,1.0,0.9783333333333333
48,48,encoder,1.0,0.9675,1.0,1.0,1.0,1.0,0.9925,0.9925,1.0,0.9783333333333333
49,49,encoder,0.21375,0.19499999999999995,0.13541666666666663,0.22443181818181823,0.2875,0.14,0.9641666666666666,0.20750000000000002,0.41500000000000004,0.0
50,50,encoder,1.0,0.9725,1.0,1.0,1.0,1.0,0.995,0.9933333333333333,1.0,0.9816666666666667
51,51,encoder,0.99625,0.9525,0.9791666666666666,0.9985795454545454,0.995,0.9975,0.9875,0.9858333333333333,0.9983333333333333,0.965
52,52,encoder,1.0,0.965,1.0,1.0,1.0,1.0,0.9933333333333333,0.9908333333333333,1.0,0.9766666666666667
53,53,encoder,1.0,0.9725,1.0,1.0,1.0,1.0,0.9958333333333333,0.9925,1.0,0.9816666666666667
54,54,encoder,1.0,0.9725,1.0,1.0,1.0,1.0,0.9941666666666666,0.9933333333333333,1.0,0.9816666666666667
55,55,encoder,0.99875,0.965,0.9895833333333334,1.0,1.0,0.9975,0.9933333333333333,0.99,1.0,0.975
56,56,encoder,0.955,0.9,0.96875,0.953125,0.96,0.95,0.9641666666666666,0.9541666666666667,0.9966666666666667,0.8766666666666667
57,57,encoder,0.995,0.9425,1.0,0.9943181818181818,0.995,0.995,0.9941666666666666,0.98,1.0,0.955
58,58,encoder,0.99875,0.97,1.0,0.9985795454545454,0.9975,1.0,0.9925,0.9925,1.0,0.9783333333333333
59,59,encoder,0.9975,0.9725,1.0,0.9971590909090909,0.995,1.0,0.9925,0.9925,1.0,0.9783333333333333
60,60,encoder,1.0,0.97,1.0,1.0,1.0,1.0,0.9933333333333333,0.9925,1.0,0.98
61,61,encoder,0.9925,0.9575,1.0,0.9914772727272727,0.995,0.99,0.9858333333333333,0.9891666666666666,0.9983333333333333,0.9633333333333334
62,62,encoder,0.99375,0.965,0.9791666666666666,0.9957386363636364,0.99,0.9975,0.995,0.985,0.9983333333333333,0.97
63,63,encoder,0.99625,0.9575,1.0,0.9957386363636364,0.9975,0.995,0.9916666666666667,0.9866666666666667,1.0,0.9666666666666667
64,64,encoder,0.99875,0.97,1.0,0.9985795454545454,1.0,0.9975,0.9933333333333333,0.9925,1.0,0.9783333333333333
65,65,encoder,1.0,0.9725,1.0,1.0,1.0,1.0,0.9941666666666666,0.9925,1.0,0.9816666666666667
66,66,encoder,0.9975,0.9575,0.9895833333333334,0.9985795454545454,0.995,1.0,0.9883333333333333,0.9916666666666667,1.0,0.9683333333333334
67,67,encoder,1.0,0.9775,1.0,1.0,1.0,1.0,0.9966666666666667,0.9941666666666666,1.0,0.985
68,68,encoder,1.0,0.965,1.0,1.0,1.0,1.0,0.9916666666666667,0.9925,1.0,0.9766666666666667
69,69,encoder,0.9725,0.865,0.9895833333333334,0.9701704545454546,0.985,0.96,0.985,0.9433333333333334,0.995,0.8783333333333333
70,70,encoder,1.0,0.9775,1.0,1.0,1.0,1.0,0.9975,0.9933333333333333,1.0,0.985
71,71,encoder,0.99625,0.965,0.9791666666666666,0.9985795454545454,0.9925,1.0,0.995,0.9875,1.0,0.9716666666666667
72,72,encoder,0.99625,0.95,0.9895833333333334,0.9971590909090909,0.995,0.9975,0.9875,0.9883333333333333,1.0,0.9616666666666667
73,73,encoder,0.97125,0.9325,0.9166666666666666,0.9786931818181818,0.97,0.9725,0.9725,0.9708333333333333,1.0,0.9166666666666666
74,74,encoder,0.99125,0.94,0.9583333333333334,0.9957386363636364,0.995,0.9875,0.9933333333333333,0.9766666666666667,0.9983333333333333,0.95
75,75,encoder,0.9825,0.94,0.9479166666666666,0.9872159090909091,0.985,0.98,0.9841666666666666,0.9733333333333334,1.0,0.9366666666666666
76,76,encoder,1.0,0.9775,1.0,1.0,1.0,1.0,0.9966666666666667,0.9941666666666666,1.0,0.985
77,77,encoder,1.0,0.97,1.0,1.0,1.0,1.0,0.9941666666666666,0.9925,1.0,0.98
78,78,encoder,0.99,0.94,0.9791666666666666,0.9914772727272727,0.9875,0.9925,0.98,0.9841666666666666,0.9983333333333333,0.9483333333333334
79,79,encoder,1.0,0.9775,1.0,1.0,1.0,1.0,0.9958333333333333,0.9941666666666666,1.0,0.985
80,80,encoder,0.97375,0.9325,0.9479166666666666,0.9772727272727273,0.9725,0.975,0.9891666666666666,0.9658333333333333,0.9966666666666667,0.9233333333333333
81,81,encoder,1.0,0.975,1.0,1.0,1.0,1.0,0.995,0.9941666666666666,1.0,0.9833333333333333
82,82,encoder,0.99875,0.975,1.0,0.9985795454545454,0.9975,1.0,0.9958333333333333,0.9933333333333333,1.0,0.9816666666666667
83,83,encoder,0.995,0.95,1.0,0.9943181818181818,0.995,0.995,0.9908333333333333,0.9825,1.0,0.96
84,84,encoder,0.99875,0.96,0.9895833333333334,1.0,0.9975,1.0,0.9933333333333333,0.9875,1.0,0.9716666666666667
85,85,encoder,1.0,0.9775,1.0,1.0,1.0,1.0,0.9966666666666667,0.9941666666666666,1.0,0.985
86,86,encoder,0.99875,0.96,1.0,0.9985795454545454,0.9975,1.0,0.9908333333333333,0.9916666666666667,0.9983333333333333,0.9733333333333334
87,87,encoder,0.99875,0.965,1.0,0.9985795454545454,1.0,0.9975,0.9933333333333333,0.99,1.0,0.975
88,88,encoder,1.0,0.9675,1.0,1.0,1.0,1.0,0.995,0.9908333333333333,1.0,0.9783333333333333
89,89,encoder,0.99625,0.9575,1.0,0.9957386363636364,0.995,0.9975,0.9908333333333333,0.9866666666666667,0.9966666666666667,0.97
90,90,encoder,0.99125,0.9625,0.9791666666666666,0.9928977272727273,0.9925,0.99,0.9908333333333333,0.9858333333333333,0.995,0.9683333333333334
91,91,encoder,0.98875,0.9525,1.0,0.9872159090909091,0.9875,0.99,0.9866666666666667,0.9825,0.9966666666666667,0.9566666666666667
92,92,encoder,1.0,0.9725,1.0,1.0,1.0,1.0,0.995,0.9925,1.0,0.9816666666666667
93,93,encoder,0.9975,0.9725,1.0,0.9971590909090909,0.995,1.0,0.995,0.9916666666666667,1.0,0.9783333333333333
94,94,encoder,1.0,0.98,1.0,1.0,1.0,1.0,0.9966666666666667,0.9941666666666666,1.0,0.9866666666666667
95,95,encoder,0.99625,0.965,0.9791666666666666,0.9985795454545454,0.9975,0.995,0.9941666666666666,0.9883333333333333,1.0,0.9716666666666667
96,96,encoder,0.99125,0.94,1.0,0.9900568181818182,0.985,0.9975,0.9941666666666666,0.975,1.0,0.9483333333333334
97,97,encoder,0.9875,0.9525,0.9791666666666666,0.9886363636363636,0.985,0.99,0.9866666666666667,0.98,0.9966666666666667,0.955
98,98,encoder,0.99875,0.9625,0.9895833333333334,1.0,0.9975,1.0,0.9916666666666667,0.9908333333333333,1.0,0.9733333333333334
99,99,encoder,1.0,0.9775,1.0,1.0,1.0,1.0,0.9958333333333333,0.995,1.0,0.985
100,100,encoder,1.0,0.96,1.0,1.0,1.0,1.0,0.9933333333333333,0.9891666666666666,1.0,0.9733333333333334
101,101,encoder,0.9975,0.96,0.9895833333333334,0.9985795454545454,0.9975,0.9975,0.9883333333333333,0.9925,1.0,0.97
102,102,encoder,1.0,0.98,1.0,1.0,1.0,1.0,0.9975,0.9941666666666666,1.0,0.9866666666666667
103,103,encoder,1.0,0.9775,1.0,1.0,1.0,1.0,0.9958333333333333,0.995,1.0,0.985
104,104,encoder,1.0,0.965,1.0,1.0,1.0,1.0,0.995,0.9908333333333333,1.0,0.9766666666666667
105,105,encoder,0.99875,0.96,1.0,0.9985795454545454,1.0,0.9975,0.9916666666666667,0.9883333333333333,1.0,0.9716666666666667
106,106,encoder,1.0,0.9675,1.0,1.0,1.0,1.0,0.9941666666666666,0.9908333333333333,1.0,0.9783333333333333
107,107,encoder,1.0,0.975,1.0,1.0,1.0,1.0,0.9958333333333333,0.9933333333333333,1.0,0.9833333333333333
108,108,encoder,1.0,0.955,1.0,1.0,1.0,1.0,0.9933333333333333,0.9858333333333333,1.0,0.97
109,109,encoder,0.99125,0.9525,0.96875,0.9943181818181818,0.995,0.9875,0.9908333333333333,0.9833333333333333,1.0,0.9566666666666667
110,110,encoder,0.98625,0.9375,0.96875,0.9886363636363636,0.985,0.9875,0.9825,0.9766666666666667,1.0,0.94
111,111,encoder,1.0,0.9725,1.0,1.0,1.0,1.0,0.9941666666666666,0.9933333333333333,1.0,0.9816666666666667
112,112,encoder,1.0,0.9725,1.0,1.0,1.0,1.0,0.9941666666666666,0.9941666666666666,1.0,0.9816666666666667
113,113,encoder,0.99375,0.955,0.9895833333333334,0.9943181818181818,0.9925,0.995,0.995,0.9825,0.9983333333333333,0.9633333333333334
114,114,encoder,1.0,0.975,1.0,1.0,1.0,1.0,0.995,0.995,1.0,0.9833333333333333
115,115,encoder,1.0,0.9725,1.0,1.0,1.0,1.0,0.9941666666666666,0.9941666666666666,1.0,0.9816666666666667
116,116,encoder,0.99,0.945,0.9895833333333334,0.9900568181818182,0.995,0.985,0.9958333333333333,0.9766666666666667,1.0,0.95
117,117,encoder,0.995,0.9625,0.96875,0.9985795454545454,0.995,0.995,0.995,0.9858333333333333,1.0,0.9683333333333334
118,118,encoder,1.0,0.975,1.0,1.0,1.0,1.0,0.9958333333333333,0.9925,1.0,0.9833333333333333
119,119,encoder,1.0,0.97,1.0,1.0,1.0,1.0,0.9933333333333333,0.9925,1.0,0.98
120,120,encoder,1.0,0.975,1.0,1.0,1.0,1.0,0.9958333333333333,0.9941666666666666,1.0,0.9833333333333333
121,121,encoder,0.98125,0.9525,0.9375,0.9872159090909091,0.975,0.9875,0.9925,0.9758333333333333,1.0,0.9433333333333334
122,122,encoder,1.0,0.9725,1.0,1.0,1.0,1.0,0.9941666666666666,0.9933333333333333,1.0,0.9816666666666667
123,123,encoder,0.99875,0.975,1.0,0.9985795454545454,1.0,0.9975,0.9941666666666666,0.9925,1.0,0.9816666666666667
124,124,encoder,1.0,0.975,1.0,1.0,1.0,1.0,0.9958333333333333,0.9933333333333333,1.0,0.9833333333333333
125,125,encoder,0.9975,0.975,0.9895833333333334,0.9985795454545454,0.995,1.0,0.995,0.9916666666666667,1.0,0.98
126,126,encoder,0.995,0.9625,0.9895833333333334,0.9957386363636364,0.995,0.995,0.99,0.9858333333333333,1.0,0.9683333333333334
127,127,encoder,0.99875,0.97,0.9895833333333334,1.0,1.0,0.9975,0.9925,0.9933333333333333,1.0,0.9783333333333333
128,0,decoder,1.0,0.975,1.0,1.0,1.0,1.0,0.995,0.995,1.0,0.9833333333333333
129,1,decoder,0.99875,0.97,1.0,0.9985795454545454,0.9975,1.0,0.9933333333333333,0.9925,1.0,0.9783333333333333
130,2,decoder,1.0,0.9725,1.0,1.0,1.0,1.0,0.9941666666666666,0.9933333333333333,1.0,0.9816666666666667
131,3,decoder,1.0,0.9725,1.0,1.0,1.0,1.0,0.9941666666666666,0.9925,1.0,0.9816666666666667
132,4,decoder,1.0,0.9675,1.0,1.0,1.0,1.0,0.9925,0.9925,1.0,0.9783333333333333
133,5,decoder,1.0,0.9725,1.0,1.0,1.0,1.0,0.9941666666666666,0.9933333333333333,1.0,0.9816666666666667
134,6,decoder,1.0,0.9725,1.0,1.0,1.0,1.0,0.9941666666666666,0.995,1.0,0.9816666666666667
135,7,decoder,1.0,0.9725,1.0,1.0,1.0,1.0,0.995,0.9925,1.0,0.9816666666666667
136,8,decoder,1.0,0.975,1.0,1.0,1.0,1.0,0.995,0.9941666666666666,1.0,0.9833333333333333
137,9,decoder,1.0,0.9725,1.0,1.0,1.0,1.0,0.9941666666666666,0.9941666666666666,1.0,0.9816666666666667
138,10,decoder,1.0,0.975,1.0,1.0,1.0,1.0,0.9958333333333333,0.9933333333333333,1.0,0.9833333333333333
139,11,decoder,1.0,0.975,1.0,1.0,1.0,1.0,0.995,0.9941666666666666,1.0,0.9833333333333333
140,12,decoder,1.0,0.9725,1.0,1.0,1.0,1.0,0.9941666666666666,0.9933333333333333,1.0,0.9816666666666667
141,13,decoder,1.0,0.9725,1.0,1.0,1.0,1.0,0.9941666666666666,0.9933333333333333,1.0,0.9816666666666667
142,14,decoder,1.0,0.97,1.0,1.0,1.0,1.0,0.9941666666666666,0.9933333333333333,1.0,0.98
143,15,decoder,1.0,0.9725,1.0,1.0,1.0,1.0,0.9941666666666666,0.9933333333333333,1.0,0.9816666666666667
144,16,decoder,1.0,0.9775,1.0,1.0,1.0,1.0,0.9958333333333333,0.995,1.0,0.985
145,17,decoder,1.0,0.9725,1.0,1.0,1.0,1.0,0.9941666666666666,0.9933333333333333,1.0,0.9816666666666667
146,18,decoder,1.0,0.97,1.0,1.0,1.0,1.0,0.9941666666666666,0.9941666666666666,1.0,0.98
147,19,decoder,1.0,0.975,1.0,1.0,1.0,1.0,0.9958333333333333,0.9933333333333333,1.0,0.9833333333333333
148,20,decoder,1.0,0.9725,1.0,1.0,1.0,1.0,0.9941666666666666,0.9933333333333333,1.0,0.9816666666666667
149,21,decoder,1.0,0.97,1.0,1.0,1.0,1.0,0.9933333333333333,0.9925,1.0,0.98
150,22,decoder,0.99875,0.97,0.9895833333333334,1.0,0.9975,1.0,0.9958333333333333,0.99,1.0,0.9783333333333333
151,23,decoder,1.0,0.975,1.0,1.0,1.0,1.0,0.995,0.9933333333333333,1.0,0.9833333333333333
152,24,decoder,1.0,0.9675,1.0,1.0,1.0,1.0,0.9958333333333333,0.9908333333333333,1.0,0.9783333333333333
153,25,decoder,0.99875,0.965,0.9895833333333334,1.0,0.9975,1.0,0.9925,0.9916666666666667,1.0,0.975
154,26,decoder,1.0,0.9725,1.0,1.0,1.0,1.0,0.9958333333333333,0.9933333333333333,1.0,0.9816666666666667
155,27,decoder,1.0,0.9725,1.0,1.0,1.0,1.0,0.995,0.9925,1.0,0.9816666666666667
156,28,decoder,1.0,0.9775,1.0,1.0,1.0,1.0,0.9966666666666667,0.9933333333333333,1.0,0.985
157,29,decoder,1.0,0.975,1.0,1.0,1.0,1.0,0.995,0.9941666666666666,1.0,0.9833333333333333
158,30,decoder,1.0,0.97,1.0,1.0,1.0,1.0,0.995,0.9925,1.0,0.98
159,31,decoder,0.98625,0.9575,0.9791666666666666,0.9872159090909091,0.99,0.9825,0.9841666666666666,0.98,1.0,0.9533333333333334
160,32,decoder,1.0,0.9775,1.0,1.0,1.0,1.0,0.9958333333333333,0.9941666666666666,1.0,0.985
161,33,decoder,1.0,0.97,1.0,1.0,1.0,1.0,0.9941666666666666,0.9916666666666667,1.0,0.98
162,34,decoder,1.0,0.975,1.0,1.0,1.0,1.0,0.9958333333333333,0.9941666666666666,1.0,0.9833333333333333
163,35,decoder,1.0,0.975,1.0,1.0,1.0,1.0,0.9958333333333333,0.9933333333333333,1.0,0.9833333333333333
164,36,decoder,1.0,0.975,1.0,1.0,1.0,1.0,0.9941666666666666,0.995,1.0,0.9833333333333333
165,37,decoder,1.0,0.9725,1.0,1.0,1.0,1.0,0.9941666666666666,0.9933333333333333,1.0,0.9816666666666667
166,38,decoder,1.0,0.97,1.0,1.0,1.0,1.0,0.9941666666666666,0.9933333333333333,1.0,0.98
167,39,decoder,1.0,0.97,1.0,1.0,1.0,1.0,0.9933333333333333,0.9933333333333333,1.0,0.98
168,40,decoder,1.0,0.9725,1.0,1.0,1.0,1.0,0.9941666666666666,0.9933333333333333,1.0,0.9816666666666667
169,41,decoder,1.0,0.9725,1.0,1.0,1.0,1.0,0.9941666666666666,0.9941666666666666,1.0,0.9816666666666667
170,42,decoder,1.0,0.9725,1.0,1.0,1.0,1.0,0.9941666666666666,0.9933333333333333,1.0,0.9816666666666667
171,43,decoder,1.0,0.9725,1.0,1.0,1.0,1.0,0.9941666666666666,0.9941666666666666,1.0,0.9816666666666667
172,44,decoder,1.0,0.975,1.0,1.0,1.0,1.0,0.995,0.9916666666666667,1.0,0.9833333333333333
173,45,decoder,1.0,0.98,1.0,1.0,1.0,1.0,0.9958333333333333,0.9941666666666666,1.0,0.9866666666666667
174,46,decoder,1.0,0.9725,1.0,1.0,1.0,1.0,0.995,0.9933333333333333,1.0,0.9816666666666667
175,47,decoder,1.0,0.9725,1.0,1.0,1.0,1.0,0.9941666666666666,0.9933333333333333,1.0,0.9816666666666667
176,48,decoder,1.0,0.975,1.0,1.0,1.0,1.0,0.9958333333333333,0.9933333333333333,1.0,0.9833333333333333
177,49,decoder,0.9975,0.9575,0.9895833333333334,0.9985795454545454,1.0,0.995,0.9958333333333333,0.9866666666666667,1.0,0.9683333333333334
178,50,decoder,1.0,0.9775,1.0,1.0,1.0,1.0,0.995,0.995,1.0,0.985
179,51,decoder,1.0,0.9725,1.0,1.0,1.0,1.0,0.995,0.9933333333333333,1.0,0.9816666666666667
180,52,decoder,1.0,0.975,1.0,1.0,1.0,1.0,0.995,0.9933333333333333,1.0,0.9833333333333333
181,53,decoder,1.0,0.975,1.0,1.0,1.0,1.0,0.995,0.9941666666666666,1.0,0.9833333333333333
182,54,decoder,1.0,0.9725,1.0,1.0,1.0,1.0,0.995,0.9916666666666667,1.0,0.9816666666666667
183,55,decoder,1.0,0.97,1.0,1.0,1.0,1.0,0.9941666666666666,0.9925,1.0,0.98
184,56,decoder,1.0,0.9725,1.0,1.0,1.0,1.0,0.9941666666666666,0.9925,1.0,0.9816666666666667
185,57,decoder,1.0,0.98,1.0,1.0,1.0,1.0,0.9958333333333333,0.9958333333333333,1.0,0.9866666666666667
186,58,decoder,1.0,0.9725,1.0,1.0,1.0,1.0,0.9941666666666666,0.9933333333333333,1.0,0.9816666666666667
187,59,decoder,1.0,0.97,1.0,1.0,1.0,1.0,0.995,0.9925,1.0,0.98
188,60,decoder,1.0,0.9725,1.0,1.0,1.0,1.0,0.9941666666666666,0.9941666666666666,1.0,0.9816666666666667
189,61,decoder,1.0,0.9675,1.0,1.0,1.0,1.0,0.9933333333333333,0.9908333333333333,1.0,0.9783333333333333
190,62,decoder,0.9975,0.9675,0.9895833333333334,0.9985795454545454,0.995,1.0,0.9941666666666666,0.9891666666666666,1.0,0.975
191,63,decoder,1.0,0.9725,1.0,1.0,1.0,1.0,0.9941666666666666,0.9941666666666666,1.0,0.9816666666666667
192,64,decoder,1.0,0.9775,1.0,1.0,1.0,1.0,0.9958333333333333,0.9933333333333333,1.0,0.985
193,65,decoder,1.0,0.9725,1.0,1.0,1.0,1.0,0.9941666666666666,0.9925,1.0,0.9816666666666667
194,66,decoder,1.0,0.9725,1.0,1.0,1.0,1.0,0.9941666666666666,0.9933333333333333,1.0,0.9816666666666667
195,67,decoder,1.0,0.97,1.0,1.0,1.0,1.0,0.9941666666666666,0.9925,1.0,0.98
196,68,decoder,1.0,0.9725,1.0,1.0,1.0,1.0,0.995,0.9933333333333333,1.0,0.9816666666666667
197,69,decoder,1.0,0.9675,1.0,1.0,1.0,1.0,0.995,0.9908333333333333,1.0,0.9783333333333333
198,70,decoder,1.0,0.975,1.0,1.0,1.0,1.0,0.9941666666666666,0.9941666666666666,1.0,0.9833333333333333
199,71,decoder,1.0,0.975,1.0,1.0,1.0,1.0,0.995,0.9941666666666666,1.0,0.9833333333333333
200,72,decoder,1.0,0.98,1.0,1.0,1.0,1.0,0.9958333333333333,0.995,1.0,0.9866666666666667
201,73,decoder,1.0,0.9675,1.0,1.0,1.0,1.0,0.9933333333333333,0.9933333333333333,1.0,0.9783333333333333
202,74,decoder,0.99875,0.9625,0.9895833333333334,1.0,0.9975,1.0,0.9925,0.99,1.0,0.9733333333333334
203,75,decoder,1.0,0.9725,1.0,1.0,1.0,1.0,0.9958333333333333,0.9925,1.0,0.9816666666666667
204,76,decoder,1.0,0.9775,1.0,1.0,1.0,1.0,0.9958333333333333,0.9941666666666666,1.0,0.985
205,77,decoder,1.0,0.975,1.0,1.0,1.0,1.0,0.995,0.9941666666666666,1.0,0.9833333333333333
206,78,decoder,1.0,0.9725,1.0,1.0,1.0,1.0,0.995,0.9933333333333333,1.0,0.9816666666666667
207,79,decoder,1.0,0.97,1.0,1.0,1.0,1.0,0.9933333333333333,0.9941666666666666,1.0,0.98
208,80,decoder,0.99875,0.975,1.0,0.9985795454545454,1.0,0.9975,0.995,0.9933333333333333,1.0,0.9816666666666667
209,81,decoder,1.0,0.975,1.0,1.0,1.0,1.0,0.995,0.9933333333333333,1.0,0.9833333333333333
210,82,decoder,1.0,0.9775,1.0,1.0,1.0,1.0,0.9958333333333333,0.995,1.0,0.985
211,83,decoder,1.0,0.98,1.0,1.0,1.0,1.0,0.9966666666666667,0.995,1.0,0.9866666666666667
212,84,decoder,1.0,0.9675,1.0,1.0,1.0,1.0,0.9933333333333333,0.9925,1.0,0.9783333333333333
213,85,decoder,1.0,0.975,1.0,1.0,1.0,1.0,0.995,0.9941666666666666,1.0,0.9833333333333333
214,86,decoder,1.0,0.9725,1.0,1.0,1.0,1.0,0.9941666666666666,0.9933333333333333,1.0,0.9816666666666667
215,87,decoder,1.0,0.97,1.0,1.0,1.0,1.0,0.9933333333333333,0.9916666666666667,1.0,0.98
216,88,decoder,1.0,0.97,1.0,1.0,1.0,1.0,0.9941666666666666,0.9933333333333333,1.0,0.98
217,89,decoder,1.0,0.97,1.0,1.0,1.0,1.0,0.995,0.9916666666666667,1.0,0.98
218,90,decoder,1.0,0.9725,1.0,1.0,1.0,1.0,0.995,0.9925,1.0,0.9816666666666667
219,91,decoder,0.99875,0.9775,1.0,0.9985795454545454,0.9975,1.0,0.9966666666666667,0.9933333333333333,1.0,0.9833333333333333
220,92,decoder,1.0,0.975,1.0,1.0,1.0,1.0,0.995,0.9933333333333333,1.0,0.9833333333333333
221,93,decoder,1.0,0.975,1.0,1.0,1.0,1.0,0.995,0.9941666666666666,1.0,0.9833333333333333
222,94,decoder,1.0,0.9775,1.0,1.0,1.0,1.0,0.9966666666666667,0.995,1.0,0.985
223,95,decoder,1.0,0.9725,1.0,1.0,1.0,1.0,0.9941666666666666,0.9925,1.0,0.9816666666666667
224,96,decoder,1.0,0.97,1.0,1.0,1.0,1.0,0.9933333333333333,0.9925,1.0,0.98
225,97,decoder,1.0,0.975,1.0,1.0,1.0,1.0,0.995,0.9933333333333333,1.0,0.9833333333333333
226,98,decoder,1.0,0.97,1.0,1.0,1.0,1.0,0.9933333333333333,0.9933333333333333,1.0,0.98
227,99,decoder,1.0,0.975,1.0,1.0,1.0,1.0,0.995,0.9933333333333333,1.0,0.9833333333333333
228,100,decoder,1.0,0.9725,1.0,1.0,1.0,1.0,0.9941666666666666,0.9933333333333333,1.0,0.9816666666666667
229,101,decoder,1.0,0.975,1.0,1.0,1.0,1.0,0.995,0.995,1.0,0.9833333333333333
230,102,decoder,1.0,0.97,1.0,1.0,1.0,1.0,0.9933333333333333,0.9933333333333333,1.0,0.98
231,103,decoder,1.0,0.9725,1.0,1.0,1.0,1.0,0.9941666666666666,0.9933333333333333,1.0,0.9816666666666667
232,104,decoder,1.0,0.975,1.0,1.0,1.0,1.0,0.9958333333333333,0.995,1.0,0.9833333333333333
233,105,decoder,1.0,0.9725,1.0,1.0,1.0,1.0,0.9941666666666666,0.9925,1.0,0.9816666666666667
234,106,decoder,1.0,0.9675,1.0,1.0,1.0,1.0,0.9933333333333333,0.9925,1.0,0.9783333333333333
235,107,decoder,1.0,0.975,1.0,1.0,1.0,1.0,0.995,0.9941666666666666,1.0,0.9833333333333333
236,108,decoder,1.0,0.9625,1.0,1.0,1.0,1.0,0.9933333333333333,0.9883333333333333,1.0,0.975
237,109,decoder,1.0,0.97,1.0,1.0,1.0,1.0,0.9941666666666666,0.9925,1.0,0.98
238,110,decoder,1.0,0.97,1.0,1.0,1.0,1.0,0.9941666666666666,0.9916666666666667,1.0,0.98
239,111,decoder,1.0,0.9725,1.0,1.0,1.0,1.0,0.9941666666666666,0.9941666666666666,1.0,0.9816666666666667
240,112,decoder,1.0,0.9725,1.0,1.0,1.0,1.0,0.9941666666666666,0.9941666666666666,1.0,0.9816666666666667
241,113,decoder,1.0,0.975,1.0,1.0,1.0,1.0,0.995,0.9933333333333333,1.0,0.9833333333333333
242,114,decoder,1.0,0.97,1.0,1.0,1.0,1.0,0.9933333333333333,0.9933333333333333,1.0,0.98
243,115,decoder,1.0,0.9725,1.0,1.0,1.0,1.0,0.9941666666666666,0.9941666666666666,1.0,0.9816666666666667
244,116,decoder,1.0,0.965,1.0,1.0,1.0,1.0,0.9941666666666666,0.9908333333333333,1.0,0.9766666666666667
245,117,decoder,0.99875,0.975,0.9895833333333334,1.0,0.9975,1.0,0.995,0.9933333333333333,1.0,0.9816666666666667
246,118,decoder,1.0,0.975,1.0,1.0,1.0,1.0,0.995,0.9933333333333333,1.0,0.9833333333333333
247,119,decoder,1.0,0.97,1.0,1.0,1.0,1.0,0.9933333333333333,0.9933333333333333,1.0,0.98
248,120,decoder,1.0,0.9725,1.0,1.0,1.0,1.0,0.9941666666666666,0.995,1.0,0.9816666666666667
249,121,decoder,1.0,0.97,1.0,1.0,1.0,1.0,0.995,0.9908333333333333,1.0,0.98
250,122,decoder,1.0,0.9725,1.0,1.0,1.0,1.0,0.9941666666666666,0.9933333333333333,1.0,0.9816666666666667
251,123,decoder,1.0,0.97,1.0,1.0,1.0,1.0,0.9933333333333333,0.9925,1.0,0.98
252,124,decoder,1.0,0.9725,1.0,1.0,1.0,1.0,0.9941666666666666,0.9941666666666666,1.0,0.9816666666666667
253,125,decoder,1.0,0.9725,1.0,1.0,1.0,1.0,0.9941666666666666,0.9941666666666666,1.0,0.9816666666666667
254,126,decoder,1.0,0.97,1.0,1.0,1.0,1.0,0.9933333333333333,0.9933333333333333,1.0,0.98
255,127,decoder,1.0,0.9725,1.0,1.0,1.0,1.0,0.9933333333333333,0.9925,1.0,0.9816666666666667
