model,hidden_size,num_layers,dropout,learning_rate,T1,T2,T3,T4,T5,T6,T7,T8,T9,T10,T11,T12,T13,T14,T15,T16,T17,T18,T19,T20,T21,T22,T23,T24,T25,T26,T27,T28,T29,T30,V1,V2,V3,V4,V5,V6,V7,V8,V9,V10,V11,V12,V13,V14,V15,V16,V17,V18,V19,V20,V21,V22,V23,V24,V25,V26,V27,V28,V29,V30
e30_h2_l1_d0.0_r0.001,2,1,0.0,0.001,1.716834574653705,1.263800014843543,1.120865939278735,1.030597763372792,0.9679172939432992,0.9190416927460168,0.8798517170025243,0.8473775991219613,0.8164283233770065,0.7809404556231366,0.7488441720631388,0.7231866461147864,0.6946366363469098,0.6676784710629119,0.6396107242423628,0.610259246756716,0.5829824438144763,0.558519007450011,0.538460012719863,0.4988866745767494,0.4490999816631277,0.4265294782303687,0.4092843001081712,0.3942185446045672,0.3813353270697718,0.3695243147171619,0.3581867404465046,0.3473487325773471,0.3372498671104096,0.3265818275348386,1.714646116912365,1.5014705105543136,1.3561816394388675,1.2695048777759077,1.195853281915188,1.141636896839738,1.0950927263319492,1.0472176921099423,1.0145094111442563,0.9604720596164464,0.9198009409159422,0.8831842568814754,0.8544346902102232,0.8213849858820438,0.793072441674769,0.7724650180727244,0.7426654107183218,0.713872598490119,0.6946180295228959,0.6335423937395215,0.5993351956501604,0.5841914224922657,0.5587113363526761,0.5357147005334496,0.523074291896075,0.5062952917352319,0.4996227269530296,0.478914998890087,0.4636864781275391,0.4493315844893455
e30_h2_l1_d0.2_r0.001,2,1,0.2,0.001,2.216484098743068,1.8942640813324187,1.831393933766418,1.7955608253002169,1.771329283662637,1.7572956532027986,1.7328898640327983,1.7194387977831893,1.7080937894688712,1.695036870107386,1.681895026855999,1.6691419487615426,1.6538621950725714,1.6411909417255055,1.632810877882772,1.6252762651542825,1.6185575114574695,1.6109926608783502,1.6055796720194733,1.5977315521094535,1.594229550462361,1.589933799261517,1.5834416452447573,1.579608631025296,1.5754194308935767,1.5740876017581258,1.5687577816554656,1.5647552411443657,1.556580428002899,1.554338500503699,2.271122699284553,2.156139506578445,2.1029497816085816,2.0772487927913668,2.0605125782489777,2.042463685107231,2.0223238628268243,1.999399525702,2.023298512113094,2.01035074454546,2.0076990553855896,2.013770211660862,2.0237007511377336,2.0293000239014627,2.031751773701608,2.042563832076639,2.082750673945248,2.0684392123345288,2.0710022706564515,2.139165071196482,2.1368662238165737,2.1308544715654105,2.1799727288886905,2.19809308262188,2.171109174601733,2.218054974471219,2.2530372712854296,2.260871846715361,2.260901180306264,2.3071566239364447
e30_h2_l2_d0.2_r0.001,2,2,0.2,0.001,2.296143345137437,2.006216910258929,1.9399779084583124,1.9029820997781224,1.8585065022945404,1.778366021889117,1.7346921567353109,1.7083239837542177,1.6869452028585803,1.672876978742414,1.6617221504402655,1.6589225145063466,1.6503454340745178,1.637983551833199,1.6297818824261427,1.619134678789394,1.6161835033521883,1.6139312237484174,1.6106572489857671,1.606827315415028,1.6027127953458578,1.603552338277797,1.5987555236703612,1.6005468914778282,1.5952086744987923,1.5958918070954582,1.5919688713537117,1.5892514285959096,1.5864538977748404,1.5887113238898003,2.375429473733902,2.2307393882989883,2.181208032464981,2.139604203414917,2.0773065900444982,2.0061634276270865,1.957435607385636,1.95100498033762,1.913878484249115,1.884663863158226,1.862020473730564,1.843728097951412,1.8386674734830857,1.81958929489851,1.9012442915439605,1.8076628824830048,1.800658223092556,1.7957887438714504,1.84033455028534,1.8123000714182853,1.8275123851776125,1.784235463398695,1.7696427905201912,1.760229460132122,1.7799550451099873,1.7630266296803951,1.8250147910118104,1.801609220200777,1.855975524365902,1.753627916240692
e30_h2_l1_d0.1_r0.001,2,1,0.1,0.001,1.9704960916499297,1.6309285143706531,1.556330095010996,1.490147137032615,1.4389690027770068,1.4089717480954196,1.3829165161725547,1.348150226193832,1.3141383829557234,1.292827399796744,1.2693308712992404,1.2537499027571744,1.2460727498595914,1.2328349027653536,1.2206183462553557,1.2130044036439724,1.209620083778269,1.1831191585817271,1.167643901120623,1.1585799178310567,1.153093557282289,1.144570270389815,1.14389994737092,1.1336016629830004,1.116678953221606,1.1053263516609868,1.0989018837475115,1.093865035843187,1.091071725336214,1.0856342388767335,2.0191998965501785,1.9319809262990952,1.851494956469536,1.7981390900850296,1.7221157959461213,1.7267022255063056,1.6609026749014857,1.6472087995648383,1.6376819152474404,1.6611068293213844,1.652870048737526,1.6390602002263068,1.6840578323483466,1.6460504108130931,1.5930714256107807,1.6011546814739703,1.6057085415840149,1.7044498744010923,1.662090230834484,1.6313556295633316,1.5727217283070087,1.6491874810397624,1.5816790795207023,1.6158660829782483,1.596901671516895,1.6014149788081646,1.6365686166405675,1.6134281669020654,1.6321171654641629,1.59483076403141
e30_h2_l2_d0.0_r0.001,2,2,0.0,0.001,1.9734846752749549,1.6126682313303151,1.5106711929599443,1.4405957750227716,1.3880645533574951,1.3475949095845223,1.3161749094029267,1.2906375467525588,1.269213725317849,1.2504417508830628,1.233667441031668,1.218938894735773,1.2056867309192816,1.1936710066732432,1.1791697775503,1.1567747835593092,1.1403379464613066,1.1232827527734968,1.1095196134401693,1.0968503246221275,1.079939610527621,1.0647108848200904,1.0519732465561893,1.040671941420436,1.0301544499003226,1.0205137091378371,1.0111583553542691,1.0022582744707664,0.9935609480579696,0.9792038686614898,2.0771950096845626,1.9212560321211816,1.831970621752739,1.7465093378424643,1.7099105323433876,1.6706128888368608,1.6357340789079666,1.609730050265789,1.5874462692081928,1.5621325432777404,1.542259103667736,1.5269400040507315,1.516895784342289,1.4961483840286731,1.4875727132856846,1.4783103913128377,1.4541398337602616,1.4396189527571202,1.4223961206555369,1.3992015766620636,1.3841058784484863,1.3758484657466412,1.3440722394943236,1.335417720723152,1.317711214697361,1.3152777085661889,1.2988355270147325,1.2899565616130828,1.2783525241553784,1.2406098584651948
e30_h2_l2_d0.1_r0.001,2,2,0.1,0.001,2.2329143514143097,1.9772619651145404,1.914739552895228,1.8725570561157328,1.81117969984942,1.7305083750334052,1.6974599813852045,1.6779151988479826,1.6635929055955674,1.6479055509169895,1.6337400748160151,1.6249506388061576,1.6208745367136266,1.6048702993273736,1.5930250301844544,1.587585665473673,1.5854570765919156,1.5748698932694063,1.5732905163122548,1.566118033001158,1.5623830883436731,1.5576700479467709,1.554302072644896,1.5528636228594517,1.5478116898357868,1.5425157877114084,1.5387285711301697,1.5367782515572177,1.5296819274127484,1.5258974382436938,2.330877649641037,2.2807200973033903,2.2030960140943527,2.128812232398986,2.04652665681839,2.035742038559913,2.0193491483092307,1.996073127663136,1.9656061256885529,1.8676689398050308,2.0603908198237417,1.9924734835743905,1.96482155687809,1.947333337330818,2.0283060983181,1.9561615314602847,1.9013783045649528,1.869547926390171,2.346027063512802,1.8679374215364457,1.9668751003861429,1.833822473633289,1.8985703502058984,1.91740264275074,2.006434560906887,1.9273271794557567,1.9808016384840013,1.9760528062582017,2.0160975916862487,1.8830979670882224
e30_h4_l1_d0.2_r0.001,4,1,0.2,0.001,1.3310125170239144,0.8098633232961926,0.6871066265475212,0.6169236558987449,0.5582127696877967,0.5214001900361748,0.4999329576997811,0.471460738340641,0.4449956119560999,0.4319874218951186,0.4208765737943972,0.409945287270725,0.4000609036444997,0.3843931620907349,0.3716104318686709,0.3617002414564033,0.355669109734779,0.3482544105621986,0.341237968046808,0.3404196226087244,0.3397827600972209,0.3295241469117554,0.3306414144404698,0.3240557511170188,0.3192527784366781,0.3186997093024146,0.3200525442936613,0.315544335830297,0.3099909243579437,0.3124442928875279,1.0339091031134129,0.879242815001309,0.7825035862527787,0.7201603206314147,0.7100081880837679,0.721567491324991,0.6782944634176791,0.6670767758248374,0.6917063505474478,0.6520173288501799,0.6799874761899933,0.652538027568534,0.6779901395767928,0.671333182673715,0.6049312939047813,0.6305740038761869,0.662556163030956,0.697656232730113,0.710731551627256,0.6219675210511312,0.6649197895148768,0.6315415939703584,0.6193071966089309,0.6403296917209401,0.6203690695531666,0.6605532657260075,0.6257766413062811,0.6600717965332791,0.6292481947651133,0.7446164261490107
e30_h4_l1_d0.0_r0.001,4,1,0.0,0.001,0.945161018482844,0.3958495217301986,0.2392140791341352,0.1441958270225906,0.0926456373440334,0.0450231823778349,0.0286745023210209,0.0199970183125988,0.0148873327694089,0.0118200272035125,0.0098577033074103,0.0082853807084676,0.0070836577584577,0.0061506518240503,0.0054014417270509,0.0048211932845951,0.0042470710649775,0.0038495705955298,0.0034091080687429,0.0030102112310583,0.0026268283926882,0.0022929587604319,0.0020762735790564,0.0018703984568522,0.0016321791504989,0.001508498828703,0.0013585933830373,0.0012156926458647,0.0010720319576858,0.0010152954266612,0.7079688118979335,0.4409569387622177,0.2856719244575127,0.2118043757470324,0.1436745007035788,0.1017658461463172,0.0796081386048346,0.0613113788701768,0.0557036722654069,0.044576443658804,0.0405534331038477,0.0329372893898776,0.0306381631022493,0.0271004590411263,0.0250903107565769,0.0227699735855814,0.0205288323410743,0.0216544813567103,0.0176056488958391,0.0146975221064312,0.0126227324837935,0.0182677877720576,0.0124877777276298,0.010375140955943,0.0089372200567693,0.0085887261650947,0.0086125083658458,0.0071876730968269,0.0074306784085285,0.0070124657250111
e30_h4_l1_d0.1_r0.001,4,1,0.1,0.001,1.2757819511092372,0.8717082028221753,0.7510900565549731,0.6898455216348172,0.6587085490090565,0.632637580042084,0.6119181131373677,0.6004022330833185,0.5878564145428646,0.5794386766820319,0.5468062347313907,0.5220397536489285,0.5093934732905279,0.5032021564934299,0.4985177282371869,0.4827785300799852,0.4755371099444623,0.4662501547513219,0.4596713506619446,0.4516972793743635,0.4387258351801532,0.4240770216293891,0.4170295057721384,0.4142199241683611,0.4085675118452765,0.3991411874340278,0.389886371836061,0.379568524873831,0.3757291166940497,0.3514602976494365,1.14141768283844,0.9369033944040536,0.8397846660062671,0.7974792068995535,0.7472110979028046,0.7161512395560742,0.7042545333709568,0.6909745405182243,0.6787594530295581,0.6614480601558462,0.6236325129339472,0.6025670671881177,0.607868226166442,0.5872971438923851,0.5942148772189394,0.5713779922457412,0.5553016828422435,0.5562323037460446,0.5356373396573588,0.4934553526087664,0.4782655872613192,0.4581631684065796,0.4639804251759313,0.4443985726324841,0.4483544967810623,0.4597899460268206,0.4322721009982749,0.4196756342803128,0.4222639910240657,0.4026814803908113
e30_h4_l2_d0.0_r0.001,4,2,0.0,0.001,0.9676331872901776,0.3465515703194153,0.1600325150724966,0.0954553658442959,0.0647231133116667,0.0451983651549387,0.0313913470900358,0.022210612682104,0.0157927450926733,0.0120352420052558,0.0098705002473966,0.0083655097454011,0.0072759928775524,0.0061865551219236,0.0055982421904893,0.0047943957767097,0.0042627691058228,0.0039067496753732,0.0036111194914317,0.0033873414737901,0.0029461747212328,0.0027938028272541,0.0026943188659406,0.0023360088352943,0.0021054011277165,0.0019736175240158,0.0017749122173039,0.0015878891225468,0.0016232690584415,0.0015364951414434,0.7673756934523582,0.3896181034177541,0.2515609192061238,0.1786762837008573,0.1373926113522378,0.1073773649389506,0.0860661098369048,0.0684047621144563,0.0549686724494211,0.0449673349140444,0.0383871581880899,0.0345725575248419,0.0300408281776879,0.0260728082500339,0.0251159090611938,0.0232808972319093,0.0183167708719498,0.0165868907440351,0.0157710651801593,0.0138387601242509,0.0137153321589401,0.0137574480405593,0.0119716636814635,0.0113592039272931,0.0112015899244055,0.0095664365710345,0.0080754309825184,0.0093521578787556,0.0081942590160237,0.0074583623643447
e30_h4_l2_d0.2_r0.001,4,2,0.2,0.001,1.701819949786365,1.36630862740063,1.302751268662595,1.2572484031812183,1.2152381679073805,1.1760614840182992,1.1360523914488654,1.1188407555310262,1.0998343591943385,1.0954254137303263,1.0827180484223282,1.0754432540319032,1.0712007208828918,1.0538354347450245,0.9980170241410844,0.9356245511657558,0.9057377642891112,0.8917586520829135,0.8754877959260096,0.8552893037414179,0.8478401883581084,0.8359385194728047,0.8280799257249571,0.8227765477128637,0.8107910192285303,0.8048975426549662,0.7952606024518712,0.7787977936576069,0.7692511024714448,0.7602577259591574,1.6324207458525897,1.5479053005561232,1.4752807477980852,1.4074207810908557,1.361924302996695,1.345648766322434,1.2392584650501608,1.2251813653491437,1.265201479471475,1.2231741656374189,1.2185550431646406,1.1965166241247207,1.1604741470251232,1.1609009917084128,1.0602985402949154,0.9766736708283424,0.9985617510043084,0.9672091760691256,0.9233299818586558,0.9516623172374442,0.9461857783557848,0.925101966072619,0.908132273057662,0.8819152229980566,0.8783065969205461,0.8323735238905065,0.8074500749389641,0.7785040677581914,0.8573006231211125,0.8106543114725501
e30_h4_l2_d0.1_r0.001,4,2,0.1,0.001,1.268612929437144,0.8442988995532195,0.746055546420109,0.6555848632204035,0.6068450779230024,0.5528400270556514,0.5104932102524883,0.4778954866279227,0.4423640604282522,0.4255370823803461,0.4053869483778149,0.3957935360505246,0.3861717458111751,0.3833294059588263,0.373895312416212,0.3676067694797077,0.3590067885862663,0.3437996855852608,0.3330643844427437,0.3300719241524011,0.3224726593234887,0.3174387750147738,0.3123466530890204,0.3066556888092516,0.308037622518113,0.3009962899149809,0.2981776371701206,0.2931938485171749,0.2966779575293573,0.2899195123783623,1.012521433454752,0.8019928820446134,0.6932204664468765,0.6117218090057372,0.5199464929029346,0.4572820178307593,0.4212507624916732,0.3805278677545488,0.3408076977483928,0.3218006248716265,0.3085869899932295,0.2938054547227919,0.2855541830267757,0.2862067846499383,0.2847002248700708,0.2629019785616547,0.2602245701450854,0.2528624011047184,0.251046075450629,0.2392847163178026,0.2317844971163198,0.2266278047852218,0.2101277845012024,0.2131835193458944,0.2110098122291266,0.2044623687662184,0.2200800490133464,0.2105757140893489,0.1889522709645331,0.1927264589149505
e30_h1_l1_d0.0_r0.01,1,1,0.0,0.01,1.818383305255903,1.5404769155835112,1.4330353289127349,1.352765002136098,1.2935232690769765,1.249109399459594,1.218325582473808,1.1921807075568371,1.169833840624574,1.1498780844939251,1.1255575887321183,1.106229548120747,1.0920480542490465,1.0783251887492422,1.0644652842810998,1.0449284364328202,1.030332420220723,1.0176854847609582,1.0021621504608127,0.9870795977980726,0.97627819412926,0.9673816783763054,0.9540579901718432,0.9412025268851056,0.9312000858393394,0.9230244823013328,0.9147289156887266,0.9068246610473428,0.8982154428570635,0.884501896327941,1.9965460737228395,1.799420284485817,1.737333666217327,1.6499906535744666,1.5802816495537757,1.5477173160672189,1.515928309190273,1.4751419182658196,1.4604955874860286,1.4327418199062347,1.4068261335492134,1.4067087507009506,1.3661343003630635,1.3621751153171062,1.3474010349154473,1.316871233034134,1.3215832714498044,1.3019994718253614,1.2745149732351304,1.2448606001913547,1.2385382618188858,1.2444328125178814,1.2202886938929558,1.216248242086172,1.189352695685625,1.2030229937493802,1.182057595425844,1.1806849327623845,1.1903181955099107,1.14730122461915
e30_h1_l1_d0.0_r0.005,1,1,0.0,0.005,1.93209489244024,1.6259993732048406,1.510057148371637,1.427363536526925,1.3643604515329004,1.3187983552876446,1.2805928470292025,1.2471057630858489,1.2189822099655867,1.1951157276034354,1.1742144952305489,1.1557824363236626,1.1390637780990038,1.1239178108853598,1.109747834968567,1.0967076296221878,1.0849204650133848,1.0735635343556602,1.0630815652584036,1.0530621761102643,1.043545874644071,1.0352803168283569,1.0265575931489468,1.018462470097012,1.010708646715184,1.0027870678601165,0.991736681241832,0.9770133359345712,0.9640851256824202,0.9534540801865772,2.1200160831689834,1.924832777798176,1.838829752111435,1.751702659881115,1.6933622328162192,1.6483767456293106,1.6091926431179049,1.564333619964123,1.5350533509016038,1.5054654443621636,1.4977035571932793,1.485429917067289,1.4573096226036548,1.448633966499567,1.4282855935811996,1.4084252698600292,1.4033109980583192,1.38110664948225,1.3587571326971055,1.3495452878594398,1.3430716587543488,1.3407514822065831,1.3225978974461556,1.3280518715679646,1.3045202675521377,1.309258334195614,1.2806727503478528,1.2682412916779515,1.2580871278762815,1.2373920131802558
e30_h1_l1_d0.0_r0.001,1,1,0.0,0.001,2.302307424166468,1.9564941872225867,1.8601027081211408,1.7967830381128522,1.748437341357602,1.7107173523863155,1.6774425831397377,1.6473422609117296,1.6227822102447351,1.602567523632447,1.5847013496994973,1.5684671887788508,1.553721471228202,1.540481077249845,1.5283482827458117,1.5170581666886809,1.5070313769969674,1.4975375597026612,1.4887622612953186,1.4805551361083984,1.472821007632547,1.46566184372637,1.458808081863986,1.4523208853264649,1.4461181784888109,1.4401657116068731,1.434483801239729,1.4290090123686523,1.4237538587391376,1.4186966888864836,2.4501336550235746,2.288227127599716,2.2144275564432143,2.1581206068515777,2.1092146104574203,2.072227010297776,2.032069613718986,2.006100469827652,1.9812770020246504,1.96299206430912,1.9429314379930496,1.922453188180924,1.904981327664852,1.8909900599598888,1.8793324530005453,1.868648292136192,1.859276697802544,1.8523489956498147,1.839386999297142,1.823248304605484,1.8220076018691065,1.8187613805413243,1.8017619503974915,1.796819238126278,1.796091361784935,1.7897469448685646,1.776195160496235,1.7717007243394851,1.7661073059916497,1.763458734190464
e30_h1_l1_d0.1_r0.01,1,1,0.1,0.01,2.2299729222959943,2.130942812244097,2.1186828122721777,2.109551203824414,2.1051613434420693,2.0994031940526434,2.091174599288569,2.091783732577165,2.0930996744884385,2.09266747295724,2.092052030659384,2.091108013074928,2.09233485342794,2.0919816672265528,2.0929614069951907,2.091674288278818,2.0921929844061533,2.083039491695828,2.083988141404258,2.08863864893251,2.087640202250745,2.0919351211878987,2.088053699270884,2.090210479361481,2.0863757072918947,2.0920794354253345,2.0864239318476785,2.087644669235415,2.08499276190069,2.084805155375931,2.2841697808265686,2.230021916437149,2.2199303492307663,2.158528137207031,2.22206582865715,2.139867501974106,2.187492314982414,2.1607605083704,2.1816725536584856,2.14788278465271,2.1493590339422224,2.33260634675026,2.405643600845337,2.135599618411064,2.1368271822690965,2.183273513031006,2.111615562796593,2.114893768310547,2.1336499936580657,2.1903784930944443,2.0894965594768524,2.108981568908692,2.170622796297073,2.099611609721184,2.138660165834427,2.1020947169542312,2.2634681166887285,2.1080247526168825,2.142608527326584,2.14282368209362
e30_h1_l1_d0.1_r0.005,1,1,0.1,0.005,2.2813251526660387,2.1501155644628738,2.1282551706910136,2.1131998512652186,2.1064677062153816,2.09931114304728,2.092293091150125,2.090315078148577,2.0916712763137286,2.0847619756009843,2.08393604550759,2.082057588972648,2.0834200919482444,2.0806158312499523,2.080058694640796,2.0764018877671826,2.0777085228780905,2.071240246260166,2.0693255412916343,2.071615029432376,2.073625798479716,2.071489613221752,2.068678437140916,2.067952178785536,2.069285342743,2.0744930195921,2.0663136561168565,2.0677376903990905,2.06502769624326,2.062775206253264,2.335045585155487,2.2626216701984405,2.2480691921949387,2.2778714147806167,2.2176359434604644,2.2102349718332293,2.2303959632873536,2.177736228775978,2.1739773645401,2.172296699309349,2.161839894247055,2.2425195395469664,2.3371613524198533,2.1724190576076507,2.152832168865204,2.189984913063049,2.3107665882110595,2.15623089261055,2.253786444067955,2.1419038146972658,2.1655520771741865,2.1405123876810075,2.13089839720726,2.1312728918790818,2.1512763889551163,2.137265497207641,2.216345080733299,2.1346555406808854,2.118365083026886,2.131437362408638
e30_h1_l1_d0.2_r0.01,1,1,0.2,0.01,2.446201311331325,2.3835579776565234,2.382464808109072,2.374131695347362,2.372524643291368,2.371802506658766,2.368352905685372,2.370750009204282,2.37129674646722,2.369591260613336,2.3708945707413887,2.373050008168485,2.374702253068818,2.3731956823799347,2.37489519017405,2.3731759204294947,2.3755433169722555,2.368676218052705,2.368603913925753,2.3709399475508266,2.3741958911008303,2.3745223066184256,2.373394840764999,2.369691087838014,2.371073459936513,2.3759965246650907,2.3719989558458328,2.3717257323000167,2.3694876501838364,2.3698661975542703,2.592649206852913,2.41808153731823,2.438000714349746,2.475629977750778,2.415733229017257,2.426785442519188,2.4077337852954863,2.3913595826864245,2.4276481403112413,2.39885700070858,2.485427981495857,2.500024172258377,2.536789580368996,2.527362612771988,2.426951441049576,2.4146752680063246,2.409584995174408,2.413785757255554,2.4394482858896254,2.414506241440773,2.398098386311532,2.4373853325128554,2.4111906599760053,2.411499577069282,2.4079738155603407,2.415137047815323,2.609041903781891,2.430179702210426,2.4442089854717253,2.406519296479225
e30_h1_l1_d0.1_r0.001,1,1,0.1,0.001,2.538720244720248,2.2608998814238443,2.217308723170228,2.1912745764864816,2.178150236606598,2.164417678032981,2.149686452307966,2.1433280840648545,2.141310631754663,2.134786819958687,2.128754549060928,2.126457833029164,2.12546307770941,2.1220263260205585,2.1218818806740973,2.116062529665894,2.115366397154331,2.109170500322183,2.1057948412643537,2.106862893466155,2.1069764230867225,2.105446016189787,2.1015393682705032,2.0995594745967123,2.097951504454348,2.100619479686684,2.095362027906047,2.0934814253489176,2.090381057378981,2.0896895657261214,2.5716880386114123,2.455353002691269,2.4160998270750045,2.392130587100983,2.3736824799776075,2.3572939799308776,2.329407755470276,2.3141993693828584,2.3085535670757293,2.301810691690445,2.2977123414039613,2.313065039563179,2.281780652427673,2.276540936255455,2.273743900632858,2.2738810579538344,2.27312532351017,2.267768041872978,2.2767384859085085,2.257878288936615,2.2675963311910627,2.268563409757614,2.2486933589935303,2.250232386612892,2.250309300804138,2.2505996317386625,2.2413243535757066,2.236964783453941,2.241058610510826,2.237731097912788
e30_h1_l1_d0.2_r0.005,1,1,0.2,0.005,2.469948384814792,2.37119588196675,2.361535610495673,2.3483748601237933,2.341892544408639,2.34008703590764,2.3377796982884407,2.3370524427228503,2.336533556135496,2.3338808756576643,2.334375509595871,2.3346558452765147,2.3342120392984813,2.334551530901591,2.336137109249168,2.3339899029519824,2.333670258220037,2.32913942040205,2.327055150285032,2.3320372168249555,2.3343869631078507,2.332513446715143,2.3302209922975963,2.3288484699924785,2.329325227873855,2.3343473013414275,2.3320129636618825,2.3304031157533327,2.328157387680477,2.3275010811010994,2.518528429436684,2.4324918531417845,2.439233071231842,2.438124449133873,2.4076474662065506,2.417802087020874,2.380838930606842,2.3969935155391693,2.388041771197319,2.448844180035591,2.4150654151678084,2.405737836098671,2.4316545140266417,2.426466663765907,2.392963535451889,2.37179316637516,2.390681808042526,2.3777779335975646,2.376488366127014,2.3661471255779265,2.3698405544757843,2.4304824466466903,2.378770561861992,2.369348754525185,2.36524858584404,2.3767947160243987,2.3661911957502366,2.361804179739952,2.3946535372257234,2.375889110612869
e30_h1_l1_d0.2_r0.001,1,1,0.2,0.001,2.626258786303467,2.430774981074863,2.397993571861585,2.374584862464004,2.3607655783626766,2.35390551037656,2.3450655185553764,2.3421907350036832,2.339433405078782,2.332342477655411,2.3305458060953352,2.325977811068958,2.3272456205911105,2.323887998562389,2.3227498111340736,2.3194391496340434,2.320110561800003,2.315540399230851,2.31088252915144,2.3121682527926235,2.316293955645296,2.3109667793035507,2.310560016010867,2.308435909362634,2.3073021234697766,2.313500368601746,2.305500676780277,2.303975102277597,2.303096729025576,2.301834340107441,2.650014852952957,2.552829675889015,2.5201036632299423,2.4965269883394243,2.473931926250457,2.464742704796791,2.453387560248375,2.4448721255540846,2.436724956536293,2.431676747131348,2.4337077226400377,2.4325980600118635,2.4322688508987427,2.4134762768268585,2.414863712477684,2.416284179711342,2.4031016152381897,2.4082000586986543,2.4095962881565094,2.392483606696129,2.398560871434212,2.397575990200042,2.3868341069221497,2.3929129471063613,2.390005290341377,2.3936413444519045,2.382336495137215,2.3757001788377763,2.3760560393095016,2.3837016673564912
e30_h1_l2_d0.0_r0.01,1,2,0.0,0.01,1.7937969062493908,1.5185223814520572,1.4093043909101022,1.3167538361191748,1.252164959098233,1.2064044668864873,1.1715347844159438,1.141871404723823,1.1165908009251786,1.0956450215602915,1.0758824100077151,1.0600505253692467,1.0450111044167645,1.0314097459214429,1.018047648272084,1.0054459530050142,0.9864493190908185,0.9658527341285928,0.9505667530373152,0.9374385662359496,0.9241775888757988,0.9128583530738535,0.902511416810751,0.8936278988827848,0.8837775878762619,0.8758787212236888,0.8672857331682411,0.8601557987018592,0.8526160696551618,0.8456835679761652,1.9684391599416733,1.7997822499632836,1.7013421590209008,1.6055670641183852,1.5392324588656423,1.5248326537370682,1.4740947872281074,1.4354567615270617,1.4135653000772,1.3912040164530275,1.3527906834423542,1.323993076479435,1.342520621085167,1.3048467766523362,1.2922601931750777,1.270971564245224,1.3212270974695683,2.0475517991662024,1.1900899323880672,1.2054296462178231,1.205254028749466,1.1553792671978471,1.1565259836018085,1.147536473238468,1.149740132045746,1.128517539358139,1.108758826521039,1.115944901895523,1.1269635708242656,1.0784626646637916
e30_h1_l2_d0.0_r0.001,1,2,0.0,0.001,2.316422306186623,1.9574075688653525,1.857126520474752,1.7847816981183158,1.7282720712833934,1.6816964935839176,1.6434156938496562,1.6100910321454207,1.5791550985750225,1.5505431042893063,1.5251730121983422,1.5025708736593524,1.4823126085066134,1.4638074876333276,1.446943547864755,1.431831091707117,1.4179690824930866,1.4054011632882886,1.3935433905293544,1.3826301231424014,1.3724327896045314,1.3628293366692132,1.353921368829078,1.3454573517416917,1.3373861152857542,1.3296982620194555,1.3222292722284794,1.3152507985176312,1.3084762674892942,1.3020014986922344,2.4664432223558426,2.316287561416626,2.228178417801857,2.155691084074974,2.098573673939705,2.056741792464256,2.0101076632976533,1.9802350252866745,1.9431454547524447,1.915110639822483,1.8913928040504453,1.8624238897800445,1.8483966788887976,1.8221479360342023,1.807377382850647,1.7944904708623886,1.7749393262267112,1.7677235107779503,1.7445921068668366,1.7340434330821035,1.7199371130943295,1.7159265888690949,1.7073008583903313,1.6956655774116516,1.690869849741459,1.6767245622992517,1.6692970543622971,1.6629205086946488,1.646176070344448,1.6404114446520806
e30_h1_l2_d0.0_r0.005,1,2,0.0,0.005,1.9443608455850017,1.6524522458944055,1.5417782618588871,1.4618299645192094,1.400836086404489,1.3522517019573186,1.3155450206647317,1.2856453396317031,1.2606791643385258,1.2388041501720746,1.21959498131954,1.2022213790190717,1.186972376937833,1.172793181235426,1.1598300365434753,1.1481342658754023,1.1366897416450912,1.1263930000383822,1.1164990024342305,1.107325140864071,1.0984121838087009,1.084923013871453,1.0676983592056566,1.0513991312389983,1.0356576402556563,1.0236046972592672,1.0140294058701231,1.004879949266919,0.9969570242614796,0.9893467756973372,2.098546627116203,1.9379612138986588,1.856209019684792,1.7672616863012314,1.7080449060082437,1.6815260552048683,1.619163668715954,1.5908707379579543,1.5571437458872794,1.543399642509222,1.5148801265954972,1.4886489084482193,1.4902210291266442,1.4600675635516644,1.4510332177698613,1.427519648718834,1.4264846357345582,1.4135459785282611,1.3860862296640872,1.386784366685152,1.379753670424223,1.357362594252825,1.358200634253025,1.3395511289060116,1.338026996165514,1.3053336764633656,1.2975663434803486,1.2935044531702995,1.2744317844808102,1.2725488817214965
e30_h1_l2_d0.1_r0.01,1,2,0.1,0.01,2.312937531893783,2.2362554600596427,2.2335143478605484,2.227782563975122,2.2295239685787096,2.22353254190286,2.222233844678932,2.219582188434071,2.227317558732297,2.223944450995657,2.222822699652778,2.222581004505688,2.222666562649939,2.223033425403966,2.2265213710639213,2.225662591846784,2.2271312717530463,2.221612473008368,2.220296356315083,2.217744556585948,2.226484297898081,2.223130871350236,2.219908791417546,2.2218469067348376,2.224322457114856,2.2227358998537063,2.220142440337605,2.225350648902522,2.223117253744602,2.2215617989646064,2.406526901054382,2.2872815673351288,2.295995369005204,2.369573338699341,2.42592224316597,2.29226312558651,2.296939717745781,2.27324568772316,2.253460382413864,2.33021961145401,2.265415598797798,2.3484122171878816,2.2855436549186705,2.249482704615593,2.2689166900396347,2.2725749121665952,2.3055117258548736,2.281728399801254,2.2571971348524094,2.2645212734699247,2.2640280245304107,2.294116640806198,2.33724140958786,2.258772985482216,2.2884210475444795,2.280451367902756,2.3735371685266493,2.2896153562068937,2.2441963067531585,2.260791898226738
e30_h1_l2_d0.1_r0.005,1,2,0.1,0.005,2.326638840293884,2.2156839074426227,2.201376539887322,2.189740701584021,2.1857985740476185,2.1753395562198428,2.175834352546268,2.1738691642734738,2.176343504064613,2.173081094002724,2.1692732947799893,2.1704284325400987,2.1694446428669822,2.169983574112256,2.171981519904401,2.1676245126432843,2.1695644871645503,2.1645256117833984,2.165511199422677,2.1628953405539195,2.1685622249828445,2.164830869515737,2.1626044628394974,2.160496208074358,2.1642169201691948,2.168933749677075,2.1604876840829847,2.16342310576174,2.1635029094047016,2.1597500825948184,2.4120583546161654,2.311235857844353,2.3372782011270523,2.285506386446953,2.3458506375312806,2.270016273450852,2.262058768939972,2.252786696124077,2.2729607712030413,2.270640031075477,2.2289097275733947,2.305773770141601,2.2686295088529587,2.2213947182655334,2.2364537263154984,2.22281529917717,2.234255703544617,2.229828596997261,2.239109638047218,2.226342125582695,2.223298402762413,2.235322287774086,2.261470207667351,2.2107950043439866,2.2311238640069964,2.290359505176544,2.2524344212532044,2.2397280340194703,2.2323955804347992,2.200725752115249
e30_h1_l2_d0.1_r0.001,1,2,0.1,0.001,2.580076265021165,2.28950801713864,2.2471661986139084,2.2253048880590334,2.2123032467828856,2.199711062832673,2.191477489823765,2.187871775860257,2.181964890080028,2.176681107824378,2.170971437689993,2.171228245221244,2.162910834405157,2.167312815393342,2.161885931992531,2.1582603550288413,2.1564125615437826,2.15301066738632,2.1495587932401232,2.146425497285525,2.1504375750435725,2.1481871929327645,2.142423981028133,2.1409387922194267,2.14194551316897,2.1431761350168124,2.1362924138069155,2.1369103921625348,2.137036084193653,2.1317219279103807,2.595930894374848,2.4745888684034347,2.4548382805347444,2.4013109438657763,2.392118781995773,2.3748939899206163,2.3620122975587843,2.354429978394508,2.332122494506836,2.361850458598137,2.3260587921619416,2.3057404973983764,2.3246286212921143,2.298798105835915,2.293532788825035,2.287879162764549,2.287589142918587,2.287519886994362,2.285514230775833,2.2771371352672576,2.2877050748348235,2.272232693743706,2.2639428418397904,2.270745330071449,2.265323215174675,2.2660238124609,2.274816933894157,2.274493903946877,2.248270266985893,2.239377911233902
e30_h1_l2_d0.2_r0.005,1,2,0.2,0.005,2.559307488893138,2.4599378763477007,2.451223881810241,2.447438469394048,2.444794033259816,2.4402074139581784,2.440564986299144,2.43922142062982,2.4379816748115752,2.43952640449206,2.4389562912782035,2.4374706148544947,2.4355311340994303,2.437647411717309,2.4347016239232486,2.4367325319157707,2.435280993872219,2.4335601639085347,2.435174758222368,2.434051209661696,2.436698550328944,2.438443292054865,2.43532995729314,2.433657078927093,2.435118398018678,2.4369650176604587,2.433962791830964,2.439618289511733,2.4363462062915167,2.43370464978483,2.5352113677024843,2.482987601685524,2.4834800437927247,2.45287760117054,2.456668269515037,2.5181513437986376,2.4559020822048185,2.4483992678880693,2.488350045323372,2.450512280678749,2.426705728149414,2.453139397859573,2.4489572083473203,2.456055315685272,2.432444767260552,2.428436915588379,2.434110399723053,2.4471042687654494,2.4753342913627625,2.428124580955505,2.442758617973328,2.4409300969839096,2.4744442098140715,2.4578299537420274,2.443825827550888,2.444262356877327,2.4487230685949326,2.4454593653440475,2.425107451176644,2.431013634777069
e30_h1_l2_d0.2_r0.01,1,2,0.2,0.01,2.5507565170844395,2.496382118633058,2.4968273039460183,2.49599927611351,2.495933730369144,2.4917586168673305,2.4944759789797994,2.493195248285929,2.494799154195521,2.490706293555101,2.493669868236118,2.493230726150672,2.4934031444191933,2.489171687956651,2.4970920377055803,2.4925422667158976,2.4949284872346453,2.4925717774947485,2.495086824846268,2.4915040693097645,2.4964546949505806,2.495403474360042,2.489261273936431,2.4909173736227883,2.494219826552603,2.49420527831316,2.493487665890323,2.4950309151530266,2.4911681167377364,2.4907461214767563,2.560814497590065,2.548985935664177,2.6193575285673143,2.4938797020196914,2.488716946578026,2.5361647069454194,2.5834329050302505,2.5169041053295134,2.500223201298714,2.527092932629585,2.6687339248657227,2.525111345887184,2.642810459446907,2.49554866862297,2.580943863868713,2.483682748532295,2.5562944831609724,2.6177619223117827,2.742731798362732,2.657899343299866,2.5351407070875167,2.5080916813373566,2.521226245689392,2.5724438968420027,2.573185791301728,2.5252818130254746,2.6535150779247285,2.5798347643852235,2.5282642687559127,2.607884159827232
e30_h2_l1_d0.0_r0.01,2,1,0.0,0.01,1.002968044712374,0.5032617182930104,0.3538691220876036,0.2629043082280188,0.1953938443307351,0.1436218862063354,0.1111368901774183,0.0969807722790373,0.0813584394945349,0.0744406436680169,0.0685692730313037,0.0629930329729621,0.0601425474544909,0.0562315939510629,0.0547055900645519,0.0525314278107912,0.0520990645251948,0.0505931699656351,0.0506180858042763,0.0485127539433862,0.0483600837231083,0.0469604738210172,0.0477271147586107,0.0485499772507335,0.0461190708623823,0.0453539958528217,0.0403136378234491,0.0461925806646494,0.0432702497388275,0.0417406204888849,0.855142138954997,0.587916407327354,0.4722891157880425,0.3470446151759475,0.2914633804384618,0.268550423162058,0.2331153565278276,0.1612893538025207,0.1600723476808518,0.1388759783989749,0.1573114285714924,0.1210817863049917,0.1147182326838839,0.1179634404446464,0.1211761795504484,0.1092612533873412,0.1006655554533004,0.0953721278567332,0.0951113362762844,0.097512030946277,0.0928842638050671,0.0976028025245294,0.1144919209591578,0.0973151669403072,0.1403407417550217,0.0887734586623031,0.0832527693837881,0.0825682617966784,0.1870353058434091,0.0936110065689543
e30_h1_l2_d0.2_r0.001,1,2,0.2,0.001,2.6884880268587006,2.507321146331893,2.479598835431205,2.463762782528665,2.448951892733574,2.4414868538763788,2.4365774427519904,2.4283450567073293,2.4260016611099244,2.4207812593367364,2.419833284658856,2.416585364610619,2.414146266668373,2.412666022157669,2.412901922112041,2.41165812744432,2.407558822822571,2.4047716342409453,2.403282109475136,2.4011135397566687,2.404270809299416,2.402605832517147,2.39849836016496,2.398544284583463,2.39956133950154,2.399306370762984,2.3968588730971017,2.400728645612134,2.397070637698968,2.3945397497110896,2.6982454449892046,2.6186110117673875,2.588783716845513,2.55417794148922,2.53144981470108,2.5189624469280245,2.5089859606266023,2.513039597797394,2.4932305228710177,2.4984883110523226,2.48740121717453,2.4835128835439684,2.518499139857292,2.4749630754470826,2.475170585465431,2.4667123945474625,2.46778940179348,2.4705445242881776,2.4758505727767943,2.459669484949112,2.4676802721738818,2.46209730386734,2.477390028548241,2.459242326927185,2.466877004122734,2.458205724620819,2.4678017342567444,2.46143187494278,2.445489090824127,2.443448651099205
e30_h2_l1_d0.0_r0.005,2,1,0.0,0.005,1.1508368762397931,0.648948536336691,0.5011438104651661,0.3943619132068629,0.3101093646096686,0.2637106844005899,0.2327452477473196,0.188361101064712,0.1578176425315698,0.1283157203939277,0.1042095064478409,0.0909856883580511,0.0785151972137857,0.067896532061546,0.0609433498695803,0.0561029266332327,0.0500664045946232,0.0462204954022295,0.0436918000182434,0.041738940000785,0.0407002827794019,0.0368427136651731,0.0375669787790652,0.0335601409497218,0.0330976765496268,0.030979713872974,0.0311158010728256,0.0292115134179482,0.0272019985421968,0.0278121199551523,1.0322988214850426,0.7765178381852805,0.6346200487792492,0.5361353929311037,0.4612365371584892,0.4222909198231995,0.37486196026057,0.3448793529249728,0.2759293532116338,0.2273636819381266,0.2083472642169334,0.1815620242143981,0.1625540976006537,0.1433099319539033,0.1339833479673601,0.1418217330384068,0.1234883413458243,0.1169473615397699,0.1239838963573798,0.1058769463483244,0.1026124748298898,0.1081103532643523,0.097909086151421,0.0985397757579572,0.1022092305497266,0.7625875956593081,0.0834176173256244,0.1009821354420855,0.0811563747779466,0.0762029059236869
e30_h2_l1_d0.1_r0.01,2,1,0.1,0.01,1.7371099836968713,1.4917965252452428,1.4303662507626749,1.3983350092889535,1.3855126981246804,1.3717681992471218,1.3619279433091482,1.351299202286866,1.3461315395914846,1.3397296091948947,1.3319995954150954,1.3346608310613368,1.3277509506321616,1.3219330230648318,1.3121722239116829,1.3017019229660431,1.3128129521749086,1.3092513130070436,1.3029307281969322,1.3195404563349151,1.3376920157639516,1.3265509368417991,1.3310922781924406,1.322350995598568,1.3213102512718902,1.319288103672531,1.318352694335911,1.316166290247937,1.3154618132119378,1.3030586601333485,1.809044688415528,1.6527380878567697,1.6162682920694351,1.5340017623901367,1.9628230867147445,1.5701072372317315,1.5174731096744538,1.515366357421875,1.5006594861268998,1.5308234533429146,1.4701729812979698,1.5793350388765337,1.633887587571144,1.461649365723133,1.5046921746730804,1.557474481844902,1.6719577469825744,1.4898611196756364,1.4833986190199853,1.487956018936634,1.5032611181735993,1.503941660952568,1.3928579639673233,1.4327270973086357,1.4735609429359435,1.4690085341691972,1.4982291364312172,1.423060066628456,1.4573958974957466,1.4303142030715943
e30_h2_l1_d0.0_r0.001,2,1,0.0,0.001,1.7200315544280742,1.2084272168063457,1.0172356045237845,0.9070046596036188,0.8352918811190045,0.7805701073396123,0.7307577145373242,0.6827488304713741,0.6431581467057268,0.5988187092048426,0.5655521156946404,0.5408019428488074,0.5196709297606928,0.5008346263944689,0.4819139952859324,0.4533052510439108,0.428216761900588,0.4110589811204208,0.396554463467809,0.3840286841022886,0.371187025622206,0.3550579384952163,0.3308496056232498,0.3077286242916197,0.2918492924950499,0.2803426062366511,0.2713471681290564,0.2642229884489543,0.2572666271838204,0.2505867889172035,1.6820611827969552,1.419461683577299,1.2473334651529788,1.1556859217882156,1.0866675296261907,1.034274876098335,0.9749816077291964,0.920381066185236,0.884602471794188,0.8170134322725237,0.7814676167495549,0.7504695794060826,0.7226474091850221,0.7062293847203255,0.6708019271414727,0.6309521453041583,0.6076107309870422,0.5796484290160239,0.5667762825630606,0.5544398656696081,0.540110137135163,0.5271882707174868,0.4871060368902981,0.4689660636957735,0.4538060127194971,0.4417028594948351,0.4240590734995901,0.4162846245769411,0.4030002625707537,0.3966485314887017
e30_h2_l1_d0.1_r0.005,2,1,0.1,0.005,1.5097300462593637,1.184666929104262,1.105050603991747,1.05638466370768,1.0325423005809389,1.0042515201568605,0.9717562115796738,0.9436528748371534,0.9364489248921474,0.9216290716209344,0.907130219827758,0.8990073219037719,0.8959566365720497,0.8854722118955519,0.8765442752684156,0.8680310108030835,0.8646165946155786,0.8524968865991467,0.8510479973486729,0.8520159011480709,0.8464181914402379,0.8215874544084072,0.8239183455848031,0.8175688605199257,0.8086575840130449,0.8111929764697121,0.8015483621633716,0.8050759827116297,0.8030461895418664,0.7868462567687035,1.504738679933548,1.3431565816819668,1.2724059967279435,1.2492313584923744,1.1854915540874005,1.1736581884145736,1.0798271918565034,1.067253748062253,1.0465157753556966,0.9472033255189656,1.1100089739471677,1.0823175733298065,1.0928948020547629,1.2244346236974002,1.0072392227470874,1.1130430366784334,1.059128808757663,1.0585157467871904,1.0031806252777578,0.9773717305094004,1.2181928150236607,0.7934151486515999,1.058737962719798,0.9510576716393232,0.9345393224269152,0.9344686617821456,1.0992349390357732,0.939967255550623,0.8712509658291936,0.973724631100893
e30_h2_l1_d0.1_r0.001,2,1,0.1,0.001,2.0382080507821505,1.5740101952936911,1.4580585277881888,1.3948100342088277,1.3523994893484643,1.3161162007348406,1.2839005596852964,1.26864740249051,1.2505912960131964,1.2324547145871652,1.2186238169731365,1.2075157297389374,1.19965380798065,1.185337115246223,1.1755697957502471,1.1663717688833677,1.1652978321477772,1.15283114370207,1.1473638840466738,1.1403278468363816,1.1352947231022847,1.1280598274480966,1.124174417805175,1.1199767260056404,1.11457661686788,1.1070875196907255,1.0867825744315154,1.0711049253403313,1.0624881703034872,1.0489760146405962,1.9792248565912247,1.8409330904245376,1.7284526548862458,1.7068235587358476,1.7346642259418965,1.6991401519268752,1.7050186210989953,1.684202968069911,1.674256069582701,1.7268849095404148,1.6852180894434452,1.6811967132985592,1.8286429376780984,1.672307066950202,1.7003254343688488,1.7048341520875692,1.706827836829424,1.7407883664637804,1.7858026014089583,1.7516367638349533,1.6902366566717624,1.7030880261063577,1.701277726009488,1.6942789695084095,1.697989948344231,1.6968664144337178,1.4237915766358376,1.4145248184323311,1.4722303819715976,1.449175041347742
e30_h2_l1_d0.2_r0.01,2,1,0.2,0.01,1.958356656717592,1.810278702219989,1.7708481000317469,1.7287741737458442,1.703545759862661,1.6808722222659322,1.6594444230357803,1.656404942852921,1.6643399533039993,1.639891442175044,1.6233802544679907,1.6117246709280544,1.6059957185679012,1.5978018428709773,1.5831704814202257,1.5810253539588717,1.572780163913303,1.567049855518341,1.560775202563074,1.5556597825745742,1.5523629523979292,1.5458224114643202,1.5448226417329576,1.5320737245195442,1.4855445053269465,1.4691931460267968,1.4595289792827435,1.519611612036162,1.4549533339569969,1.458226998605993,2.0793055261135103,2.046920694100857,2.077367478954792,2.153250808238983,2.001081830763817,2.389648505568504,2.0781681142807007,2.545172384214401,2.2117357959389685,1.925195708835125,2.219289505827427,2.105184292125702,2.118130024492741,2.442920039284229,2.228860185348988,2.528880416095257,2.580850460076332,2.307694163775444,2.645314382970333,1.9227016353964803,2.164508407330513,1.8913434569358825,1.7248199898719787,1.7306379533290863,1.782339809179306,2.181842630815506,2.280521532535553,2.475389805817604,2.5437353531360625,2.479959427511692
e30_h2_l1_d0.2_r0.001,2,1,0.2,0.001,2.18256276649038,1.8853217431816789,1.820387718704012,1.782902441899644,1.7563152862522338,1.740044825786352,1.71828747218185,1.707169493024879,1.6890254952311516,1.670533925260769,1.6583865420086517,1.6452237814525763,1.6372900344245964,1.6304599130584134,1.6187248116681974,1.6088121197657452,1.602270550959309,1.5978015286097924,1.5922876729832756,1.5849216878556542,1.583091111201379,1.576990992387467,1.5757198362115357,1.570716049386064,1.565290976591905,1.5598301295535433,1.551967069830166,1.5276069240411123,1.4888913382891151,1.46721136676338,2.367740847969056,2.28579289867878,2.2619662498235704,2.301168198347092,2.299918026638031,2.3002968708992007,2.3104067878484726,2.357140685737133,2.4131348935723307,2.4713569427609445,2.5081975850224496,2.5451866750717165,2.608238155221939,2.631929974555969,2.671538662171364,2.706825217330456,2.742348688852787,2.765282857632637,2.7967797368049623,2.8226584986925127,2.856020329630375,2.8977491530776023,2.910393495523929,2.935570137047768,2.972156253528595,2.9754625054121018,2.934604735147953,2.9152780381321906,2.9605662315011023,2.978761890125275
e30_h2_l1_d0.2_r0.005,2,1,0.2,0.005,1.8355918633792137,1.5967289293898477,1.5335861306177243,1.494654052279393,1.4685442719539006,1.4540643344448672,1.43176056432724,1.4210786491149,1.4054751696626346,1.3869686389161482,1.3782066999885771,1.3677947824239731,1.3611378699627188,1.3543872748494148,1.3436030560844474,1.3358891902089118,1.3343226872424283,1.3241948295699226,1.3203919984678427,1.3124017376157973,1.3128480514516434,1.3065494914286666,1.3094278978029887,1.303207591592272,1.2989443966276115,1.296997329484754,1.2949002622905703,1.296009315179454,1.2887636953072414,1.286252117303345,1.8715776515483853,1.896993509304524,1.7761684341847896,1.992188463830948,2.223791890388727,2.041199029916525,2.3466323147237302,2.03395204782486,2.4391782559871675,2.2677717808365823,2.154421577900648,2.2106315176844595,1.9945074713289737,2.474108290606737,2.2077286008536814,2.410522254759073,2.3507830641448497,2.4104500115513803,2.504215258157253,2.3953761819958688,2.392736468923092,2.488918085932732,2.3250632036149503,2.22056070805788,2.23229680365324,2.159290673875809,2.3869945867836475,2.3349536805450914,2.18093831179142,2.7157425310075283
e30_h2_l2_d0.0_r0.01,2,2,0.0,0.01,1.3119906455114485,0.9226049065776996,0.7913602076162894,0.7207475267981076,0.6763507916695541,0.6421058585876805,0.6388984838203423,0.664686585218832,0.6905793258596625,0.7797691591738206,0.8085777540229261,0.7615075334435536,0.7439219843328413,0.7013150055301273,0.781456733830665,0.7732393850341025,0.7879163092189934,0.7136291719384776,0.759419989300137,0.6943780529902549,0.8418168150251938,0.657211671096309,0.5846843139725149,0.5266784871622195,0.4583327843217075,0.4452699377684647,0.4381481191916443,0.4751461436990442,0.6099662930145032,0.6700266360421459,1.2734434521615503,1.2122047893613577,1.011140099236369,0.9247384293556212,1.0312569333657622,0.8848440592825413,0.848381278963387,0.880484874842316,1.0409622345268723,1.004584187656641,0.9170014781594276,0.9521568221479654,0.8370927731469273,1.2017013722404837,1.0390121872529388,0.8367945472478867,0.8856651865065098,0.8538443821996451,0.9554292170256375,0.9554604897089304,0.9237850365310908,0.7167448421373963,0.7168515928328038,0.8391427350699902,0.6213482517637312,0.5405329051345586,0.5631913942821324,0.7525580635756254,1.519888148318976,3.800485851253569
e30_h2_l2_d0.0_r0.005,2,2,0.0,0.005,1.6085039921412865,1.290733897261156,1.1951744710092744,1.1275378579198487,1.078709204735193,1.0433918342678912,1.0152958953936897,0.9912018205953969,0.9701111286020112,0.9532610850332098,0.9353166508900622,0.9206003594510256,0.9074337796578804,0.8944205333813197,0.8824537362080481,0.8724622826344437,0.8577676399600175,0.8367831749852747,0.8212204551107354,0.8076580281316407,0.820663893983927,0.848862551661705,0.7767226935679921,0.7784797813381585,0.7808490454495367,0.7972258897369107,0.7635816394307547,4.340374547757871,0.8620371364134881,0.8411951783027913,1.719156259906292,1.551514894759655,1.4907648432970046,1.388888336622715,1.361589827555418,1.3240385351359845,1.3053672114133834,1.2639260106146335,1.2287162382602692,1.2034338256180286,1.1853740447402,1.1788520603597163,1.1759921019136903,1.1366567370891572,1.1410731818377973,1.129313265657425,1.1109154662430287,1.0810119243234395,1.05601860165596,1.0567927509993316,1.3584860991835594,1.040945410642028,1.03540950627923,1.4050680661916732,1.0235268222391605,1.074338484928012,0.9995208423614502,1.1358157742217183,1.101372008126974,1.068216016805172
e30_h2_l2_d0.1_r0.005,2,2,0.1,0.005,1.858645734338959,1.6224633937252892,1.5687728790478574,1.5278007980325157,1.511434618947241,1.4878823401888213,1.4778760782521632,1.471304935348034,1.4563008987246289,1.4554493824442227,1.4403356260370876,1.4376508073288534,1.4363839993205336,1.433760972783466,1.4170649183329609,1.4189128914313185,1.414361757484575,1.4131590738013386,1.4078369246830542,1.4141046894441047,1.405247783815364,1.4043299472694597,1.3965894717226426,1.3967885918077496,1.4010135344038408,1.3985767898284729,1.3943390347992382,1.3905022812394632,1.3845589091888733,1.3854077758338716,1.9735591406703,2.177094601714611,2.420760306227207,3.3355870357751845,4.049554080235958,4.036411426186562,4.139473488640785,3.493388954293728,5.439399516665936,5.6962594708919525,7.232025946640968,6.949351291620731,6.987734859478474,8.271211769533158,7.950303887593746,7.118838787949085,7.725232326805592,8.589141262006759,10.111779273605348,9.07254157873392,9.169175658237934,9.223629602348804,8.777886827766896,9.3760197868824,9.201225566160678,9.449168769562243,10.256405837273595,10.2497983163476,8.27798309162855,10.228188566172124
e30_h2_l2_d0.0_r0.001,2,2,0.0,0.001,1.759742444411417,1.265459211900168,1.12416570232494,1.0268240388620231,0.9560962079180196,0.9045216066530596,0.8651021201776962,0.8331023279437174,0.8054461711250246,0.7815005201963501,0.7592616842515973,0.7373405048424791,0.7184592889015252,0.7030374553280365,0.688738554019336,0.6762026932368469,0.6644435833100644,0.6485842128515037,0.6066674968597583,0.5116217820541519,0.4609963451870613,0.4238526354372708,0.3917041013765252,0.3659007274190481,0.3415190316871015,0.3159091064021095,0.2927493825494519,0.2735531305689985,0.2584138290162716,0.2460212765902798,1.7389794882297516,1.5333829851388932,1.4143928611755372,1.3046137481212616,1.2475907675683495,1.194063975149393,1.1520177867293355,1.1163538977146148,1.085384303727746,1.054677931523323,1.0251176920682192,1.0040328057169914,0.9911573412775994,0.9700744522929192,0.958408983913064,0.9417667679131032,0.925294503608346,0.9024446669623256,0.790738238811493,0.7156620977267623,0.6720368643954396,0.6384582810893655,0.5946680757805705,0.5666524266611784,0.534651061752066,0.4938360798608511,0.4669913791403174,0.4425598454140126,0.421211255858466,0.4060978585842997
e30_h2_l2_d0.1_r0.01,2,2,0.1,0.01,1.8676690878566768,1.7240015152278874,1.703451252412796,1.6870502111444872,1.680884224370122,1.6661567622741065,1.6602634419129954,1.6608338469478818,1.6589118547479311,1.6529016350143486,1.6081247750255796,1.514270837063094,1.6413543283616503,1.4934346797981195,1.5133569987593425,1.488310798780289,1.516168576632109,1.4806116554670865,1.5293391131743788,1.5198856270182464,1.5392797233556708,1.4731097837782567,1.5402418993504512,1.4831382525589731,1.4592407480099134,1.9786739051092,1.7695929263679515,1.6846250834497312,1.6750570549565884,1.656212889705433,2.037306437432766,1.853350325679779,1.7871740829944611,1.929117599320412,1.8479491571903228,1.824875125336647,1.845834456515312,1.773320307612419,1.7724474699616433,1.8251873474240303,1.592470543861389,1.6258481884241105,1.6214812038898467,1.517954324913025,1.6858754173636437,1.553145367360115,1.6090840265393258,1.5439148043453694,1.7101913942933082,1.793158342397213,1.752507553124428,1.7776918123841283,1.549270004862547,1.7753945125699044,1.5546755873799325,1.86489803160429,1.8257996364116669,1.9849273214578629,1.7785940491318704,1.758022010564804
e30_h2_l2_d0.1_r0.001,2,2,0.1,0.001,2.2793598139709896,1.8238171694437664,1.7160938936213652,1.6703443560898303,1.6456674671894975,1.6258975618773035,1.6117660687996282,1.6082705278244285,1.598650035272042,1.5869725158711274,1.579170299761825,1.5776183104170691,1.575457770138979,1.570599421730969,1.557265637900432,1.5513576565186182,1.5528733821643723,1.542940603356229,1.5373641713579496,1.5320987248924045,1.5228359749264186,1.511688269778093,1.5047062068038517,1.4909052377310064,1.4663832452813783,1.4513471509072515,1.4451512890073988,1.4285828589929477,1.4185874215225378,1.411004487785697,2.317821668291092,2.066006652760506,2.0411738911390302,1.9998185238957404,2.018137780177593,2.020757710635662,1.957476402902603,1.9768870911717416,1.993122407960892,2.001379617583752,1.9772927276849748,1.9927570904374123,2.017211375141144,1.967167984211445,2.035356492447853,2.060385096263885,2.0127316733121874,2.0133337529063224,2.020226384317875,2.0333791905283927,2.2009002985715864,2.123007344210148,2.259060047864914,2.300197041916847,2.492492881500721,2.37497091807127,2.318005658948421,2.4145916116952897,2.2889659796237947,2.4455136906266213
e30_h2_l2_d0.2_r0.01,2,2,0.2,0.01,2.1252216336237058,2.0137753378113112,2.006290867261092,2.0707636514107386,2.1516378020154105,2.0728994022713767,2.0608572743641007,2.059217016547256,2.056793357355065,2.057112707940737,2.0553115003506344,2.0609764377011195,2.0551491315815182,2.0559706524531047,2.054255762271086,2.039221289642652,2.045345108184549,2.041821791434288,2.045092283961508,2.042857016094526,2.0446352701425554,2.040244143716494,2.045296472062005,2.047828603234556,2.0401090827332604,2.049828046760294,2.04480998893314,2.042054626135031,2.0413466885315046,2.040218857146634,2.2253188613414765,2.177618805241585,2.2212818133831025,2.4182261863946914,2.5389177708387374,2.432384159612656,2.525475257778168,2.5098223943471907,2.505106921839714,2.436904306387901,2.645682615327835,2.720952010345459,2.470916797924042,2.6032460005521774,2.464437700676918,2.5492441467285154,2.456469670820236,2.497911214852333,2.5674054061889646,2.549423940229416,3.61079576010704,2.489089131116867,2.458728122472763,2.50075143699646,2.447390271139145,2.459734333610535,2.55323047106266,2.8679111118793488,2.5244498190402984,2.4592564430236816
e30_h2_l2_d0.2_r0.001,2,2,0.2,0.001,2.344744578708543,1.984744653848807,1.9268098022659617,1.8971571763674413,1.8790227070609729,1.863754768921932,1.8551835984932048,1.846867099026839,1.8379287049425967,1.833502116396692,1.8253499369031847,1.8255331377168496,1.8218179519865247,1.8151325339224604,1.810439266096221,1.8044254703945584,1.8007603988660703,1.7998117275344,1.7985185116377145,1.7980292210916675,1.796109342956543,1.793447384866741,1.7921529983467526,1.795748390493128,1.7865111341132058,1.7891498258067502,1.7856182506892415,1.7852580362213983,1.782248388465908,1.7829355581588215,2.324990596199036,2.1907563553571703,2.147718277478218,2.104325228047371,2.101052683186531,2.0905712150096893,2.082567307090759,2.055276863646508,2.049249851369858,2.039364219260216,2.0941620659828186,2.0402988616228104,2.032545854139328,2.0259886466741563,2.013251117515564,2.008226482629776,2.045556940460205,2.005908789181709,2.0552459278821944,1.98696409637928,1.9953759190559388,2.0168126420497896,1.9753950269699097,1.981054385209084,1.9660394636392595,1.9807112228870392,1.9785281834363937,1.9715686109542847,1.974610166943073,1.9664355518817904
e30_h4_l1_d0.0_r0.01,4,1,0.0,0.01,0.2260750418962141,0.0212100365756978,0.0157024286510808,0.0158224943251139,0.01758881988279,0.0147516229954416,0.0165346925658631,0.016060183573644,0.0171803638248076,0.0217562355757078,0.0240418274189349,0.0178552227838112,0.0159448591439953,0.0165826763082314,0.0157574707442971,0.018455934144542,0.0156042792218136,0.0160038060898902,0.0180520811918152,0.0170299833836004,0.017580224481609,0.0245338921500818,0.0231172284010533,0.0216940154176658,0.0200601000951675,0.0230820907693809,0.0204269410815964,0.0243942010435647,0.0186135647817387,0.0360357836894199,0.0786683747902279,0.0466090836409013,0.0398482372223632,0.0416941492072626,0.0368807454323949,0.0677324997147152,0.1558976465365965,0.0379334496521332,0.0408786086252468,0.0893097464417616,0.1195623195764492,0.0440442763841623,0.0487316020011203,0.0376090946271157,0.0329293473141231,0.0315499074109451,0.0469208746306423,0.0318638808533825,0.0566064265095708,0.0351384363945515,0.035186542873783,0.0375953953317046,0.0354720723245336,0.0377994197671498,0.0357415077646306,0.0317657435187691,0.0393767638032732,0.0280952405783202,0.1529234833185906,0.0502808629282837
e30_h2_l2_d0.2_r0.005,2,2,0.2,0.005,1.9734469254718887,1.707904368904233,1.66452366801401,1.641186641385158,1.6219780910693935,1.6088406862964233,1.5948017111625936,1.5908070754663812,1.5797429189544585,1.5747930217683317,1.5724695379475753,1.5752766060153642,1.5687510635192197,1.5646717196421491,1.5632391310385532,1.5864549059397643,1.5507440013855696,1.5527111855296625,1.552143212873737,1.5464835322207875,1.560236943448252,1.5464223879277703,1.5427566086154845,1.5439512665698925,1.5310653882071377,1.575180694725944,1.5600705302905706,1.5779542850502664,1.5910194841409724,1.5250021946001384,3.120397551190853,3.59319657137394,4.031818854546547,3.1158984858870507,3.578178851914406,3.719671796000004,3.4816789918780326,3.877453033900261,3.8028305527687074,4.752307769906521,4.467018805062771,4.607816270041465,4.757766898846627,4.83583667999506,4.6959210008025165,5.138926247489453,5.291482756090164,4.736374328100681,5.203571929860115,5.170758704972267,5.769679112970829,5.646565007185936,4.68957650910616,4.875652813911438,4.866412738883495,5.362647383189201,5.99835180208683,5.115251310026646,5.495414279663563,5.5666268907547
e30_h4_l1_d0.0_r0.001,4,1,0.0,0.001,1.0092195339660677,0.418646138467888,0.1999747957253208,0.1072342359802297,0.0665951077722297,0.032633922188284,0.0184894715081344,0.011681906180782,0.0080777756583642,0.0060183289781693,0.004880132387835,0.0037226744628938,0.0028634154554511,0.002230576003563,0.0018256204322445,0.0015908899601787,0.00143321827705,0.0012817814661938,0.0011025948404631,0.000957686741484,0.0008583899991387,0.0008243007769699,0.0006878789160721,0.0006425712809441,0.0005560296085193,0.0005225492911124,0.000487435786729,0.0004996846428225,0.0004376022313398,0.0004079160209622,0.816381834590435,0.4693930985737592,0.2779836970289238,0.1870876381308538,0.1173133727675885,0.0790611130069242,0.0553271094491763,0.041340129128893,0.0353907758337445,0.0267204046855913,0.0227898513591142,0.0171160059325713,0.0134066509032778,0.0112856440814681,0.0103151161808291,0.0094723564195988,0.0086191317861508,0.0076417598090465,0.0159582038258455,0.0056923725578706,0.0053481919871211,0.0065239601835772,0.0051489126078965,0.0050408981377519,0.0038629752925171,0.0038503746214573,0.0036748971534967,0.0033973569620398,0.0037113198678894,0.0035551212716662
e30_h4_l1_d0.0_r0.005,4,1,0.0,0.005,0.3090236150717673,0.0157429623881154,0.007559388455013,0.0060034694940454,0.0047173716659151,0.0036961649273303,0.0043687716019679,0.0043980920023363,0.0037123294845036,0.0034666684900442,0.0035325362800908,0.0031450350355259,0.0034759882538494,0.0034172416515122,0.0031978599448446,0.0034594682204593,0.0029553857682919,0.0031902482068136,0.0030353566659742,0.0027851872282281,0.0031158192549015,0.0029112029740999,0.0029651789219311,0.0026561144549615,0.0031616655288708,0.0031171470114878,0.0029052592501331,0.002911449274946,0.0030879041013158,0.0027038415850375,0.0792186139707919,0.0270153373225592,0.017491239267122,0.0139108363383158,0.0091433177293394,0.0081852814900063,0.0075673965247406,0.0065089726677542,0.006828411753659,0.0065318265474496,0.00572206370407,0.0050825995847124,0.0043471590613509,0.0142546152279195,0.0048857580720621,0.0057670285689673,0.0049828824758209,0.0043557846030074,0.0078109159392639,0.0043449971317837,0.0048678507158372,0.0045048787865234,0.0043010414829543,0.0041990780516833,0.0102999715779602,0.0036265303474043,0.0072717572458175,0.0030886304766863,0.0043064703832918,0.0071527314942984
e30_h4_l1_d0.1_r0.005,4,1,0.1,0.005,0.6818158143922687,0.2727438777141428,0.2147431575684239,0.1971107279626652,0.186344102681335,0.178509241245687,0.176527872476089,0.1736523920155143,0.1688919865494231,0.1674395941766677,0.1669956503884905,0.1638884142307241,0.1665834144437439,0.1640406325743094,0.1631711112603985,0.1622890152601053,0.1636280638562308,0.1630777002573246,0.1599643410164539,0.1603689004114622,0.160659044833533,0.1592096821897378,0.160581341982466,0.1610314832016075,0.1563619839133164,0.1575585457882895,0.1604748865418692,0.1585338487993279,0.1592009318613486,0.1557192398367061,0.3704206962127238,0.2101693604066036,0.1612781560830772,0.2110269659204874,0.1364123872842174,0.1168931662377435,0.1138916833159979,0.1106027176543139,0.1143275909582618,0.1116371824824484,0.1612625302507076,0.1077620604889933,0.115850823993748,0.1022917840435635,0.0964116750934394,0.1029573544344631,0.1064382544120308,0.1069682039760518,0.0987669707892928,0.0821796017849119,0.1119570096873212,0.1358194875862449,0.1015433161403983,0.0974747860334813,0.1050817372694145,0.110201997859776,0.1032364291891455,0.0862010083668399,0.1054816219780128,0.0963733985682949
e30_h4_l1_d0.1_r0.01,4,1,0.1,0.01,0.6164949762064342,0.3132241689282469,0.2922046755510951,0.2872815908664475,0.2868148495159422,0.2831048937104125,0.2815300958943864,0.2757023477859407,0.273441417882951,0.2724905271961224,0.2833010588570704,0.2819011542467452,0.2802479799432965,0.2907253635356513,0.2928298246066836,0.2885131676982532,0.2950396495323783,0.288278425498568,0.2983677181199607,0.2918621127074506,0.2914530008572981,0.2915504352580393,0.2945342991046116,0.2789788611488275,0.2853637981855892,0.2851202975105559,0.2937231836817848,0.2958751668120618,0.3108828556711565,0.3155799919325651,0.3227631744474172,0.2361236705573275,0.2632593160877004,0.1922320225770585,0.1769363487223163,0.2396007873722352,0.2276839569606818,0.2136776876095682,0.2088141298089176,0.23028305878276,0.2413482170840725,0.2333725999876856,0.2757897825994063,0.257695653444808,0.3666872405169532,0.220838827753812,0.2335589585541747,0.2253599382019601,0.2044703542444855,0.2397481297625228,0.2053217972273007,0.216770216695778,0.1993306583440397,0.2134003836963325,0.2899838348030346,0.2863764602274634,0.2103417198868934,0.1902991492080502,0.29109214566648,0.3198168726544361
e30_h4_l1_d0.1_r0.001,4,1,0.1,0.001,1.2237939128965138,0.7698048718456593,0.6786694246256103,0.6303656931460317,0.5790280248353878,0.5435604990491644,0.5170139388523582,0.4836594251166822,0.4666154382488173,0.4536147060085088,0.4429711755445537,0.4377912697398621,0.4328048145729324,0.4267550192043082,0.4235803588798994,0.4168309094071906,0.41467894339518,0.4109693896808558,0.4071821121206403,0.4052779480019377,0.3984557352423823,0.3567787893168473,0.3501960123085934,0.3479032774869559,0.3454475062431664,0.3411669209535182,0.340879650963817,0.3363350827391776,0.3366146929929136,0.3364025063930855,0.9958325861550869,0.7986989604368806,0.7045640536073595,0.6459950030103326,0.5759144020279869,0.528724416731298,0.5130981622209773,0.4827847041353583,0.4662036373533308,0.4605636838803068,0.4427240652707405,0.440125654556416,0.4432482611401007,0.4419107986188493,0.4133871551628224,0.4226505135689862,0.4219148960726335,0.3997066273512318,0.3937137693071738,0.3890712826300412,0.3427649955454282,0.3236758742090315,0.3257756938653067,0.3179387296556495,0.2983929644225165,0.3075821288299746,0.3208791169790551,0.304901093596546,0.293762676123064,0.2886335266378708
e30_h4_l1_d0.2_r0.01,4,1,0.2,0.01,0.7999671750154036,0.5470412910621587,0.5298334067686784,0.5060476389054106,0.4770611864564255,0.4664691575368038,0.4589680984020932,0.4635199940736522,0.4630775193071096,0.4490821622364352,0.4575803468600096,0.446545677036316,0.4389789667171349,0.442900114812874,0.4364761021794001,0.4402619616389507,0.4380714080840892,0.4393695969502855,0.4346100247925095,0.4382757826451859,0.4405343251895832,0.4280144794531942,0.4335015925243471,0.433640093193718,0.4380848337719993,0.4355068486169963,0.4350376899786423,0.4395961924703429,0.4300084508668812,0.4383152796304164,0.4935454140450805,0.4355975966673344,0.4116882431492209,0.4253661377582699,0.3953351660052314,0.3661087991453707,0.3969923475738615,0.3662522251404821,0.4525398305414244,0.304444496726431,0.26971068400722,0.2673295622944832,0.3541906385149806,0.2750288981894031,0.287718145660311,0.2928943557338789,0.3185814621070399,0.2667121775116771,0.2800674908753484,0.3758842225247994,0.3146465644312091,0.3746438376646488,0.3424354904667474,0.3055282844671979,0.3408024360604584,0.3117892032691277,0.3755611289069056,0.3353576377650722,0.3024513860320672,0.299998446140904
e30_h4_l1_d0.2_r0.005,4,1,0.2,0.005,1.0695230776145226,0.6925780037692023,0.5821461357429624,0.5324404578334342,0.4961276354550074,0.4829019337946135,0.4718237521384428,0.4672883230863242,0.4611167229791016,0.4629085074710401,0.4349027691974098,0.4286092480185803,0.4222831558038118,0.4193876383181351,0.4106164662467885,0.4077639635356195,0.4059293255089523,0.4070773178569662,0.4028651140999592,0.4025536292517454,0.4019543997166782,0.4014904641582165,0.399197936451047,0.3999023137194725,0.3926121514211771,0.3939355023333648,0.3941103233239122,0.3948922120779727,0.3958247657233021,0.3955932069116686,0.8635097124300897,0.704873559415713,0.6659064850080758,0.5807970597986132,0.5229960352938622,0.5148348512635567,0.4886746582880616,0.5051151031224057,0.4389947441198863,0.4955855363658629,0.3655632832851261,0.3994336834918707,0.3633848852644674,0.3904288948745467,0.3794451835267245,0.3421808802645653,0.3824510946578346,0.4048915375786833,0.3521326116925105,0.4178701450513676,0.5163440065577626,0.350758250851836,0.3489927806500811,0.3458407396760303,0.4685773937720805,0.3291807963779661,0.4258329754501581,0.358016565360222,0.3900528571697417,0.4116024174148217
e30_h4_l1_d0.2_r0.001,4,1,0.2,0.001,1.354043348194162,0.8153610804792908,0.6788652277900526,0.5996184620283751,0.5415775264592634,0.5077457817148624,0.4818082632586463,0.4650262189022369,0.4472951601195045,0.4341790662817657,0.4163806639543734,0.4092937673224084,0.3986411329314992,0.3917415118809427,0.3829569785787776,0.3759266222100187,0.3671306981884098,0.3516763192051814,0.3408738176661957,0.3310113699488704,0.3247632933364974,0.3123367613192906,0.3065495837684747,0.3007849817503683,0.2993070133918146,0.2954482623885773,0.2909347210303207,0.2906607879821444,0.2861706588220524,0.2873395569997788,1.062452297268808,0.8069102864742279,0.7180441328637301,0.6580937450613826,0.6375377071335911,0.6368770252004265,0.5962998985670507,0.6422596516903489,0.6012581867147238,0.5890677718888968,0.6429020258165896,0.6012534253878519,0.6670822422627359,0.7036327595265582,0.6666926119271666,0.6634514393122867,0.6776506763432175,0.6303611886624246,0.6025749552313239,0.6618459578288719,0.6609918409045785,0.580468530115299,0.6240880769792945,0.550001564864628,0.5182489266466349,0.6134046636495739,0.5749812400946394,0.6331571732196957,0.6833938830528409,0.675605925876461
e30_h4_l2_d0.0_r0.01,4,2,0.0,0.01,0.551989524096354,0.1917520494585585,0.105230164279075,0.1043291746548545,0.099709281796336,0.0992062928969158,0.1129251260813169,0.1240224641977137,0.1114297705042706,0.1100320059384529,0.0955233508911436,0.076106173523302,0.1034919623099859,0.1122187635778957,0.1482710055501349,0.1227128877940555,0.2102071855840488,0.2259795325701771,0.2460170743727183,0.2066081164287442,0.1731023342585052,0.1911010729464102,0.1519782858847252,0.2076440671375729,0.1639642758090949,0.3255649370994887,0.2866846155174461,0.4127234991197727,0.4094466053980609,0.4957322131298999,0.396036034845002,0.2177272179933963,0.2863206085427198,0.3609904182767728,0.194023305595899,0.0979508846787968,0.1176682874381193,0.2162589524285053,0.1824341896395199,0.1396593103454914,0.2267782656120136,0.1965665675302734,0.2397771539665758,0.1759943799362168,0.2405708882386854,0.1901093983652536,0.2761597331315046,0.2828585606699343,0.2296451138040516,0.1990010176343843,0.6981664281666279,0.9825629484072328,0.4244509321562946,0.2669944028655824,0.2101761408830993,0.3268382641106378,0.590387423986278,0.4487736839260905,1.0199939265083522,0.8538423053838312
e30_h4_l2_d0.0_r0.005,4,2,0.0,0.005,0.8387395600409143,0.4197011035653581,0.2338832109066069,0.1360281790931311,0.1117039161891191,0.1278157141912418,0.0823028305183426,0.064645444459479,0.0595334684053781,0.0457479011819931,0.0417205549267112,0.0368141211060438,0.0343373961506358,0.0309556668487316,0.0295774613844207,0.0369472200447543,0.0374368788591457,0.0454825033626418,0.034337223578256,0.0330959197228703,0.0262792952168182,0.028896697505888,0.0253719575970825,0.0249981966925421,0.0233038596676042,0.0212895442350006,0.0215916345236507,0.0212298210265967,0.0199219315067788,0.0204346996713609,0.690701428167522,0.7824618450856767,0.3938662444640882,0.2311288744132413,0.2508302127474075,0.1943609287213534,0.1525489658517064,0.1412860344716376,0.1089027506388083,0.1072212188750389,0.0856951630675757,0.0828111067507241,0.0774583445979078,0.0766351991168106,0.0704107701881497,0.0769164925226301,0.0754491922678484,0.0737076436252216,0.1147594180025102,0.0606989682778396,0.0693902886865631,0.07163483861087,0.0442175857911875,0.0502404525547404,0.0501759874722687,0.8019161642454681,0.0396540515135435,0.0645880040777294,0.0412367715722037,0.0329215294189758
e30_h4_l2_d0.0_r0.001,4,2,0.0,0.001,1.0510151380663115,0.4381195921445058,0.2384375268515251,0.1452826018643901,0.0967868434412016,0.0581299288878657,0.0412855130484457,0.0315229233249232,0.024707553584005,0.0191000064364789,0.0151229567115434,0.0123140371526352,0.0100012084976525,0.0082216763917107,0.0071064068710635,0.0061367068018791,0.0052407252040215,0.0045218743483866,0.0039963684273403,0.0035361707855107,0.0032065526093368,0.0028482602169379,0.0026818353409438,0.0023452139039843,0.0021045599622563,0.0019309388741144,0.0018532767843965,0.0015795572862928,0.0014554347838892,0.0013541569143457,0.8547440026134252,0.5364645638201386,0.3414041580521502,0.2509697159945965,0.1797122170020826,0.1367614081939682,0.1099708779932931,0.0895734329298371,0.0739576901062042,0.0634532076703617,0.0531647493955562,0.0446988015462295,0.0389972394210635,0.035183467379515,0.0303676756202708,0.0273276533474621,0.0245273818086687,0.0215875673471367,0.0198519578570514,0.0182174569320843,0.0166647925213561,0.0160724541784402,0.0141079472164081,0.0127854109930362,0.0121349913353102,0.0117283095956659,0.0102022364673368,0.0099475960315347,0.0100288268021115,0.0153345403731669
e30_h4_l2_d0.1_r0.01,4,2,0.1,0.01,1.7395637635370096,1.6181578094601632,1.630785030015972,1.8674797883212568,1.674377004563146,1.7134615879919797,1.863127458977037,1.8893701125012503,1.851997675689724,1.940404594642586,2.061802281901572,2.109582190330161,2.113750152351459,2.0883647079447907,2.0947178769555355,2.122424325046937,2.1611269578331047,2.135797305088573,2.0725277016937733,2.153688297723399,2.10907289053864,2.0830386329425705,2.080120889409383,2.105583096813493,2.212460272540649,2.2254409257968266,2.1858878626969127,2.165464406255881,2.102267257973883,2.2038094092653857,1.87177064896822,1.9009065671443937,2.104327811264992,2.1036939616203307,1.925780987077952,2.112538113796711,2.107245205295086,2.317459223395586,2.341561407673359,2.239513774454594,2.374056544908881,2.380876721072197,2.403329629766941,2.384524435007572,2.4366177990078928,2.434386031639576,2.4652072570443155,2.399098421096802,2.3135051609396933,2.361654462611676,2.382227449822426,2.3845326150894164,2.396229180574417,2.416480949497223,2.5954410389781,2.57655239726305,2.4545779302597044,2.488287041413784,2.489360212445259,2.5394463006198404
e30_h4_l2_d0.1_r0.005,4,2,0.1,0.005,1.082681825203283,0.7666151993524283,0.673440222984273,0.633700475123028,0.6130792738295782,0.6050624560498892,0.5668293232318066,0.555983888753695,0.5423309627628161,0.5392467210070852,0.5260048196149679,0.5268157963346483,0.5157831044325812,0.5055862567279902,0.4941826774662981,0.4872041047541528,0.487668870019209,0.4791080084812103,0.479094063205303,0.4803952948053678,0.4746422273508376,0.4658675003953588,0.4751433446180075,0.4829288571296259,0.4845544506388768,0.4744690424431012,0.4792245090754702,0.4751594373847617,0.4719970566647127,0.4608217520384687,0.9158012296669186,0.819627014747262,0.6942513657972217,0.5831439350523054,0.6014957198038697,0.4767366530817002,0.4315573647487908,0.4507592358238995,0.3451880118425935,0.4995691547462716,0.3361385690808296,0.3904550204241648,0.3138233174968511,0.3943891723409295,0.3024278406158089,0.3034564249839633,0.3505156395956874,0.3358171717386692,0.4286252389449626,0.2849851375486701,0.3061716288579628,0.2891569509582594,0.3635363607702777,0.3440146573491394,0.3391195703759789,0.4102549750925973,0.3579179108856246,0.3380528252858668,0.3133146123545244,0.3518814563148655
e30_h4_l2_d0.2_r0.01,4,2,0.2,0.01,1.5203791874234875,1.4918695456392237,1.5093586270044248,1.5677108465969565,1.517542667719722,1.542032209032774,1.5364423838507797,1.6352810918612612,1.54511498168442,1.600794091170364,1.6346046869085895,1.6404628740419944,1.733380628289779,1.5801992333316142,1.6264176531102923,1.6731744388843577,1.659922142499023,1.6399920514245827,1.6908656843165557,1.655465495583415,1.6341528447303506,1.6466031454192267,1.7604089201562934,1.8214244562238453,1.87660853931374,1.7587864205744532,1.7500759006510178,1.6941652350318102,1.691766852873481,1.7078625063528616,1.5201138516247272,1.6687447736024856,1.6248932010412216,1.671255311998725,1.8648399950504304,1.6438894558787347,1.7166570265114307,1.7338184890985489,1.691070760768652,1.7981974386900663,1.7517256892979145,2.0973751015603543,1.777955231153965,1.7352158785879612,1.8004816942572597,1.7694852833211423,1.690331598252058,1.6957952361404895,1.8502976780891416,1.7725252544403076,1.812114332717657,1.8848010189414024,1.983337478744984,1.9735681891918184,1.909550359201432,1.869933105713129,1.9073794206917285,1.8625600674152367,1.6639994565188885,1.7793759995877745
e30_h4_l2_d0.1_r0.001,4,2,0.1,0.001,1.4860782770534355,1.0784951961782243,0.9401544726222754,0.7858662449371484,0.6692223352165686,0.6089899329897844,0.5735388285686366,0.5495215153359911,0.5228295969025749,0.5069176214458421,0.4886036730249515,0.4740461747439474,0.4525990379637728,0.4300659674204472,0.4135714417719489,0.4029381388600605,0.3918876305093264,0.3802339290680881,0.3700646221874178,0.3505201952703815,0.3312437405060666,0.321071617802129,0.3079720613206271,0.2948863487990418,0.2880392243546071,0.2798405877972099,0.2763722122911208,0.2752856731203772,0.2736730662385364,0.2681924766166006,1.382790355372429,1.16103527444005,0.9753673539295792,0.8021348539814352,0.7118802343294024,0.6223569028582424,0.5820675692901015,0.5542058289147913,0.5129928287476301,0.5296724221115,0.4717257782540284,0.4767971336826682,0.5006861187094822,0.4495726211162284,0.4421659922080114,0.451500345200859,0.4409535673877224,0.3985128291685134,0.4501724641200155,0.4123338851645589,0.4452339916873723,0.571132266156748,0.3739082081427797,0.3838242474023253,0.3276467641815543,0.2957453638641164,0.3809879218062386,0.3192854217842221,0.3611153215300292,0.2626827846359461
e30_h8_l1_d0.0_r0.001,8,1,0.0,0.001,0.2028210125826724,0.0054741493564414,0.0018016711944696,0.0008789997906738,0.0004946060786548,0.0003711764041076,0.0003061012197886,0.0002272767507809,0.0001858152138301,0.000155036450659,0.0001004217913064,0.0001024940188138,0.0001377338411362,5.072832661731205e-05,6.756318343673473e-05,8.60811758364981e-05,6.26310287837421e-05,8.511981575774363e-05,5.442662092705566e-05,4.258000831674548e-05,0.0001147463269214,4.370760110740708e-05,5.668047932896949e-05,5.007272322948189e-05,0.0001259753957737,3.70381113108849e-05,7.308854965226077e-05,8.11501798481311e-05,4.373488396142222e-05,0.0001123195567333,0.0441807110212568,0.0162457559159392,0.0102366309386666,0.0063005231065466,0.0046353423414968,0.0036792385428681,0.0049794906996484,0.0029945983702482,0.0025174918329822,0.0018968941875113,0.0022066326107139,0.0020792389669617,0.0015711439937499,0.001553699680342,0.0015401481463531,0.0015535122146262,0.0019204786422917,0.0015036466382943,0.0015557062377511,0.0014126638291858,0.001354097355334,0.0011350839053221,0.0012986764145281,0.0012998615484043,0.000991381474879,0.0011834017457133,0.001134002494872,0.0010999734668938,0.0013800139105289,0.0010162304658197
e30_h4_l2_d0.2_r0.005,4,2,0.2,0.005,1.3973475835589486,1.0587870468350231,0.972743309248306,0.9047395484946824,0.8890881880759572,0.8771325407396381,0.8689929287924897,0.861774037540347,0.8707975345983403,0.850084700919949,0.8367804985955565,0.8401195103986913,0.8332796363825495,0.8323369706569486,0.8309991418953467,0.8397547519840313,0.8318405334102184,0.8230987408515635,0.8198401257461261,0.8233129750224852,0.8240853210779825,0.8250046117010016,0.8230436259185301,0.8335552150569778,0.8368916528697371,0.839237344097033,0.8316646333891807,0.8211192940156214,0.8364061928423548,0.8246201095743014,1.2796338718563318,1.0142591665744782,0.8730377640232444,0.7811800333417952,0.724031316024065,0.7722079992681742,0.7093282936796546,0.7844892200492323,0.6937815095316618,0.7332622835233807,0.6450177300352603,0.6592400733301416,0.6582418684709818,0.6835813301123679,0.6458313769487664,0.6733419610213488,0.6336721160493791,0.6634490134678781,0.6447116538470611,0.6040959616323933,0.8299221747875214,0.6427140643399208,0.669201322126016,0.6255049944799393,0.6916017651757226,0.6303228303577751,0.6677767175056041,0.6724168575542048,0.6775213583583012,0.6252754269640892
e30_h8_l1_d0.0_r0.01,8,1,0.0,0.01,0.0361243135010661,0.0079957434724115,0.0110572498602797,0.0102512093501463,0.012781479977743,0.018815196106607,0.0206683218767629,0.0157056896257347,0.0142267376793566,0.0225775621317315,0.0255153367665787,0.0054766955509692,0.0037128382690055,0.0048232433091064,0.0024623111525064,0.002900363110932,0.0037628386635122,0.0030028984152243,0.0032253774082094,0.0026702683470364,0.0015741369373982,0.0014093110696929,0.0023957121776263,0.0028413553001606,0.0028706654843542,0.0008081341826753,0.0006119027712968,0.00090864292307,0.0050396050264331,0.0062385343668832,0.0510245014391946,0.0157446466238848,0.0417187613780018,0.0166534246507829,0.0369993365028206,0.0585763401525579,0.0255187184243628,0.0211485574045669,0.0481500794464323,0.0250114517174032,0.0277544728079466,0.0215836521196092,0.0102263856602224,0.0104627803783827,0.0109076252399595,0.0133196530689119,0.0235035792985999,0.0134370356781105,0.0196710171047285,0.0085042263618079,0.0077316785371741,0.0099530205818921,0.0086156379950989,0.0132677219166858,0.0040552180989222,0.0045063020843713,0.0037785213291495,0.0069841458470634,0.022463261094313,0.0191540793972481
e30_h8_l1_d0.0_r0.005,8,1,0.0,0.005,0.046715561684139,0.002867551442958,0.0025608741390346,0.0018391993565118,0.0015342255340072,0.0016898832391748,0.0023930842509188,0.0023388805220925,0.0024801448867722,0.0017649542928453,0.002967847751604,0.0016074016948079,0.002792308635404,0.0018342688425732,0.0017346950933037,0.0037774586740863,0.0024652032410313,0.0027218056934757,0.0015251014520459,0.0020349405969619,0.0021860652573901,0.0024708497509242,0.0030826202745457,0.0014120286654664,0.0019110021480522,0.0021170054857941,0.0026515824044546,0.0012087703133905,0.0013833735202264,0.0010580249939611,0.0119483415037962,0.0072840316926356,0.0181492446801196,0.0136686905607773,0.002795130902441,0.0034722950927922,0.0058864601901332,0.0088892687413125,0.0035462013922075,0.0209844349239982,0.0074840440741822,0.0034976025708655,0.0076345751648996,0.0028857337322762,0.0027958540369675,0.0729455258078372,0.0050691931462991,0.0364268638266695,0.0033805077370866,0.0065913790536279,0.0028708375596378,0.0051078976249019,0.005921452934512,0.003567866984269,0.0034148177851042,0.0094748172329494,0.0090126554591556,0.0012371703147464,0.0015897104468822,0.0177441554996829
e30_h4_l2_d0.2_r0.001,4,2,0.2,0.001,1.7084414163503383,1.2826870005875826,1.1033842854761415,1.021670701611373,0.981004000803166,0.9538010022271012,0.9340465106848214,0.9155345073473122,0.8928324250631863,0.8752960729158586,0.8489308432514469,0.8296225493344995,0.8223477766553561,0.8160492071996133,0.8108396569070717,0.8054918930253221,0.7951603781900473,0.7937631001445982,0.7520090885731081,0.7099199833316522,0.6875493990285322,0.6772118179367235,0.670706670280339,0.6664382525521123,0.659922726761529,0.6593140703665713,0.6550324280942894,0.6602403761902307,0.651162349293205,0.653496154964591,1.3981570523560047,1.1747343664348124,1.0699112788438796,0.973614539413154,0.956546909572184,0.9090968476116658,0.9025508279502392,0.8847043150484561,0.9312229709059,0.9008556699857116,0.8891536628037691,0.8541452902436256,0.8673084329381585,0.8517650602161885,0.86319428974092,0.8445754885978997,0.8190487626358867,0.8844659091375768,0.7642952411912382,0.6429624813068658,0.6751576241731644,0.6207825689386577,0.5704723822098225,0.6144372456450016,0.7104236777417362,0.5988634900934994,0.7353819960825145,0.582868468502909,0.6776744160162285,0.6567582696754486
e30_h8_l1_d0.1_r0.01,8,1,0.1,0.01,0.1441505846770055,0.1000788625510134,0.0944855819081683,0.1026742565053321,0.1059286564853391,0.1072977857004146,0.0991959660728222,0.1060920034168773,0.0978046860232431,0.1131619804206989,0.103246988036327,0.1067817431800112,0.0963641833910673,0.1060373532739396,0.1133957225622881,0.1252744561381049,0.1241285858944168,0.1215065714482981,0.1146266466913065,0.117081408641389,0.1191454483321919,0.1157235722605054,0.1254865868039836,0.1410003797398459,0.1547924680724274,0.1620593202172532,0.1804871362122923,0.1858329195634287,0.1623694738751966,0.1309315739949508,0.0811497193172341,0.0672445029009832,0.0453629792592371,0.045813945852057,0.0506390576553298,0.0607035379360313,0.0714392683222889,0.0437524379263864,0.0586403940821474,0.051178313689283,0.0537502777678426,0.0625755420272355,0.05702882116416,0.0624699294148013,0.0469583284999476,0.0697454622645745,0.0728818462478462,0.0495852123426739,0.0661795760338078,0.0472895869174273,0.0471065999294631,0.0502504020359134,0.0708865839436417,0.0815853467249777,0.1234117122878087,0.1072075924493838,0.1160684006449766,0.0960250438810791,0.0601698063694639,0.0651610967660322
e30_h8_l1_d0.1_r0.005,8,1,0.1,0.005,0.1172019261022169,0.0423024768433339,0.0375192890456078,0.0366166880236806,0.0356204275575622,0.0334630145208584,0.0330887100844727,0.0338836067135841,0.0329166136935335,0.0329405782876598,0.0342694580650498,0.0350149200759805,0.0343165641477703,0.0349690551433168,0.0364550373603636,0.0340047922074354,0.0369480231927311,0.0355194873842603,0.0343397079074016,0.035192174476185,0.0367600439371322,0.0355078966157161,0.0353643531681306,0.0377408529981556,0.0372031130127517,0.0388316445150815,0.0382134936636642,0.0366964620426982,0.0375733213753891,0.0367158164434758,0.0435720394278934,0.0297443303666077,0.0228363974701176,0.0198704152484744,0.0116114136576448,0.0181632152472797,0.0161629195065295,0.0170188576715067,0.0161019802580209,0.0135890775885491,0.0154843998290976,0.0193897576400311,0.0209389862599055,0.0133146943247178,0.0174061038999992,0.0225509938325034,0.0189432748306135,0.0117729299523576,0.022322875573748,0.0129397877100098,0.0231762734320887,0.0133055747106322,0.0189384941458818,0.0142401269572495,0.0152175677922612,0.0233173669109703,0.0229800713872828,0.0122587597089819,0.013933821256482,0.0150916893107525
e30_h8_l1_d0.1_r0.001,8,1,0.1,0.001,0.3153825052618282,0.0545833322368911,0.0400935369368125,0.0320266101381237,0.0285145279904012,0.0237456050626875,0.0221935881001156,0.0210770181311624,0.0183116178245028,0.018603858803168,0.0168239682786939,0.0157364607024908,0.0149926947118245,0.0142902181888409,0.0145686451275134,0.0139505823050573,0.0142733237144863,0.0145686579822121,0.0128837951690229,0.0134733424962524,0.0123966234401353,0.0128298354970258,0.0115617545941901,0.0112343907029533,0.0115079406417153,0.0117967866601225,0.0115228749390735,0.011070123061446,0.0106527411347906,0.0107263979111915,0.0836867957250215,0.041811133306683,0.0293926044968306,0.0232846785188186,0.0184242508074617,0.0170986105518881,0.0145472298329405,0.0128653406783065,0.0119029852865845,0.0106932681275764,0.0113108206909411,0.0110463229606801,0.0096679487496177,0.0082906357714178,0.0081208134207205,0.0075912344008916,0.0091662603130505,0.0081385279439244,0.0085664330828207,0.0069260982164531,0.0067558828705237,0.0066665999118602,0.0063885573512787,0.0064346258471472,0.0065182476998714,0.0075466175604058,0.0062399033693567,0.0056016119631851,0.0060682191516738,0.0059390502821333
e30_h8_l1_d0.2_r0.01,8,1,0.2,0.01,0.2792696471778294,0.2057196902768802,0.2068035264453928,0.2127127537227378,0.229118595376462,0.2364428035529757,0.2385994366377993,0.2516870672308542,0.2581649999768033,0.2652301825195253,0.2597216118302209,0.2517134140823994,0.279099557142684,0.3060687215559133,0.3208012591128263,0.3232882102427331,0.3201096430387503,0.3054325794521667,0.3045150977269811,0.3243376912790092,0.3010866501208058,0.3080208275763602,0.2863683125680073,0.2788059158634187,0.2819133394524054,0.3146518288838961,0.3109650852126897,0.3156840024294438,0.3175212533897099,0.3360470561150565,0.1269644676717463,0.1056897319232113,0.1150916666395962,0.1132374607971869,0.1318559470653534,0.1361325126107782,0.1724516191092785,0.1426840278117452,0.1901226894518826,0.1592057464685756,0.2100575841400772,0.2467087412592023,0.2389121003257576,0.2728350815251004,0.2177661596967838,0.276646156596858,0.2306155394867994,0.2791239749196917,0.1887695117026102,0.1968263870901428,0.1730566372556146,0.1302818411785643,0.2273557304705958,0.1596238459798507,0.2194566310917958,0.1830378907389007,0.2033740613253787,0.1661208809887524,0.1660355515381321,0.1748504689085297
e30_h8_l1_d0.2_r0.005,8,1,0.2,0.005,0.2039847183831961,0.0936131059051788,0.0818702516011822,0.0779968167977203,0.0743845515521351,0.0721977040634586,0.0723495957718027,0.0701338358351778,0.0735302981114057,0.0704942119936123,0.0694761415181691,0.0675053278804724,0.0667809348580031,0.06769749995607,0.0663626683074204,0.0652093847259029,0.0645916714302411,0.0649072852985924,0.0629370364745799,0.0650734164555148,0.063570345664839,0.063373706353354,0.0608632931384909,0.0628889491971065,0.0638504747251994,0.0630184439326761,0.0632708766410608,0.065686795627707,0.0641010469777803,0.0621766585961131,0.0716735350687173,0.0443805971030844,0.0336056744499423,0.0301718122625316,0.0295089327741123,0.0271056488675734,0.0327544033189537,0.0265412139068299,0.029366887822916,0.0278555978476768,0.0302452966141529,0.029851656551857,0.0289798439116217,0.030304274995916,0.0418093150068525,0.0312179256872332,0.0623125389510067,0.0250176102819037,0.0247499470627983,0.0263875204647018,0.0197713202974497,0.0224968023851281,0.0219174776156665,0.0345479941971541,0.0228684607125789,0.0232970036042359,0.0191953143842605,0.0244444858415401,0.0247856803871458,0.022939180208178
e30_h8_l1_d0.2_r0.001,8,1,0.2,0.001,0.40829095037255,0.0992532083186896,0.0700739172265793,0.0587585168909912,0.0512277518709178,0.0475860936672493,0.043950144588727,0.0416664785162929,0.03923154595825,0.0372965974172878,0.0359989889693106,0.0340087998558295,0.0335216729739021,0.0335827032988991,0.0323686456464387,0.0324094415259275,0.0306891978645836,0.0301203407783863,0.0293660867329707,0.0284761590403045,0.0284982416867497,0.028334289383961,0.0266542993239692,0.0273999300504953,0.0262549346899707,0.0267949044051132,0.0253382181628141,0.0263039610868869,0.0248120075063031,0.0242681647984288,0.1168225454140454,0.0670495540814939,0.0460505474305246,0.0332175820865319,0.0283708471131511,0.0249853385578666,0.0223109304535319,0.0207275285398762,0.018376836178184,0.0164837040805781,0.0166354204537754,0.0177292806676588,0.0163881789470266,0.0164677541999844,0.0164909697923751,0.0150044648257258,0.013682639798941,0.0136996901527512,0.012883980436137,0.0117694140550418,0.017170355191885,0.0125774976185581,0.011903697824644,0.011080639106204,0.0105292767122853,0.0129788124177226,0.0136899490336247,0.01070786992137,0.0112772051654028,0.0112789209107984
e30_h8_l2_d0.0_r0.01,8,2,0.0,0.01,0.1202163837850155,0.0848890957878594,0.0814099951582958,0.165012969181678,0.1647654517326788,0.1827777557962007,0.1826511261488128,0.2022262152516998,0.1722585786120077,0.2276558554892014,0.1376046017824383,0.1398595320305816,0.1573502371354947,0.1326969488856683,0.1801038921254648,0.1956305327002012,0.2718544193958538,0.3035731478778799,0.2827995445954717,0.2847702571435081,0.1816167356974931,0.2318897835621026,0.1864087974602712,0.1523198809844646,0.141916583058806,0.1495555762460868,0.1479238446430818,0.1854522367211631,0.2007013111810453,0.1781388599158527,0.1146256054163561,0.1400743838917304,0.2426195056685886,0.2585696932398878,0.3664981457288944,0.3230157369043555,0.7871459003991956,0.2669087047407505,0.2536955494635876,0.3012328760902989,0.2718754661005318,0.2192430015196919,0.241567202451381,0.1948794628451449,0.2901486218761424,0.3149340392074505,0.3604813298709501,0.4219500635490752,0.4687679244577885,0.3639156835678965,0.3209212390905521,0.3710407473579049,0.3068919477063769,0.2535383617218995,0.2512015593587595,0.2666631275491644,0.2434950414212076,0.2609769339475004,0.3444196461239743,0.3009540112716837
e30_h8_l2_d0.0_r0.005,8,2,0.0,0.005,0.0593753682507381,0.0101927453850428,0.0147434649361327,0.0098661381098629,0.0134064593999397,0.0154902671135681,0.0117105167125706,0.0102048705448158,0.0109866937092103,0.0089088769698744,0.0112150239871952,0.0155622405229076,0.0237105434225231,0.0362506918827104,0.0071253405055356,0.0127916415084908,0.0134840084489422,0.0240857977444194,0.0162128208395937,0.0337419347938469,0.015888662943728,0.0101388976159205,0.0259445430217884,0.0410128105678347,0.0250022345680136,0.0158244440616636,0.0318142721290929,0.0229614499791711,0.02261073850347,0.0366980975356351,0.0228686545176533,0.0117527491098965,0.0151779752464808,0.0200295839777337,0.0450234067140378,0.0106243047435116,0.0201110584688509,0.011565238995888,0.0246981242668558,0.0213870594382028,0.0218503752819408,0.0668745445511352,0.0231825089178199,0.0224115859653308,0.1489804077698482,0.0284789819962186,0.0306059854292368,0.0319245908444398,0.0498881225096751,0.0452633012228096,0.0458800613000904,0.0465448870033975,0.0674989658527563,0.0377278209008748,0.0169631397176387,0.0391930540652017,0.0592594996002946,0.0420513686068256,0.1964214484842561,0.0606088701790252
e30_h8_l2_d0.0_r0.001,8,2,0.0,0.001,0.2105331519431234,0.0091758203360795,0.0060277646158654,0.0038764613505262,0.0024949300458627,0.0050521895548725,0.0012677967843036,0.0010138315887836,0.0009491614643074,0.0007651014370228,0.0009889583319788,0.0025993767676411,0.0008574640856626,0.000551132185906,0.0048037146795032,0.0007168188090163,0.0005239574395734,0.0009418734470331,0.0005870941988123,0.0006027136131411,0.0005431919459787,0.0003806655612314,0.0009403771457626,0.0006098850196463,0.0005339381672396,0.0006617813085726,0.0011394596373609,0.0004820026725126,0.0010258708833002,0.0018571453961273,0.0582208528845862,0.0388881666206823,0.0263517594891676,0.0205230782295433,0.0136464710726095,0.0085321195673161,0.0060747529837952,0.0068399107483357,0.0055532869712691,0.005462788026694,0.0097028312199942,0.002973611498746,0.0031044157352022,0.0032132533552542,0.0023041205705898,0.0031909656287623,0.0013281399314612,0.0013614187673603,0.0013272330471359,0.0014415567387623,0.0012952432530227,0.0013636694744784,0.0017723315709513,0.0013639475104597,0.001531714540654,0.0017349635715994,0.0014526875963426,0.0024877644216032,0.0015458958663423,0.0014952126990068
e30_h8_l2_d0.1_r0.01,8,2,0.1,0.01,0.4133971947135791,0.373810982886945,0.3966373376930054,0.3833796407399156,0.4038320363870692,0.4192771920658544,0.4434241004493036,0.4805279554485136,0.4471034871258695,0.4644034494367894,0.5013315202248146,0.5122508296777908,0.489170589359602,0.4827690377359524,0.5071985547712131,0.5359689362835773,0.5388868731962303,0.5616233302170696,0.5948410515884713,0.5731806248042538,0.5712610333502823,0.5704682309161548,0.5791960416065994,0.5412778762028656,0.5265924945137541,0.5195543615987499,0.498025188964203,0.494887004172564,0.5549004610398577,0.5433463487614878,0.3357327206312678,0.3532374360865913,0.352339864151366,0.3051690579168498,0.3546373733273707,0.3235529681263026,0.3398299666360952,0.3251340027019381,0.2995769969927147,0.3846107378168963,0.3644685018505901,0.3001852983418852,0.3258465677447617,0.2739481589516624,0.3672360042188317,0.3916272751568351,0.3859470527116209,0.434362324158661,0.4852112135133706,0.426967054989282,0.417581116149947,0.4020091574882157,0.526598246768862,0.4057815466988831,0.4301605622835457,0.3899774400955066,0.4268965763917193,0.3819436559626832,0.4453506835669279,0.481956824805215
e30_h8_l2_d0.1_r0.005,8,2,0.1,0.005,0.3610745809237705,0.19184767908032,0.1354461343632293,0.1149064367300332,0.111866601169813,0.1128491482394016,0.10737561214803,0.112006377842458,0.1086567160453563,0.1081510058974446,0.1061853599152159,0.104196955803373,0.1055367153636315,0.1053209999222334,0.1073339053277712,0.1019847591143411,0.1044221140202953,0.1085623041217597,0.1027891727772667,0.104108903827891,0.1037766923333712,0.1066245916866749,0.1034995575389899,0.1105174305903237,0.1076213075413879,0.1132453788399204,0.1214349917824351,0.117585769129148,0.1174527642634244,0.1218171008314284,0.2137681035869754,0.110719847302977,0.0433041830189991,0.0483617480864049,0.0271934196711052,0.0302570007392903,0.0411365215698257,0.0350069841811899,0.038033173903916,0.0442669438892742,0.0375877217731904,0.0411403543944587,0.03655350092781,0.0342221900626202,0.0419642051446659,0.0388822012109565,0.04205789342114,0.0417502521911636,0.0365267529506702,0.0385849645812239,0.03333821599824,0.0359163199796341,0.0290548342551628,0.0372531019188958,0.0328755029113555,0.0504427394439757,0.0552515669835149,0.0521737743504927,0.0442084949182346,0.0587339839872671
e30_h8_l2_d0.1_r0.001,8,2,0.1,0.001,0.5052459374546798,0.1575528721466945,0.1267682730106611,0.1037496867549786,0.0895998728693036,0.0769592032420681,0.0646828776079449,0.0477621115339302,0.0426346251185234,0.038495563933752,0.036725855219238,0.0342876353469941,0.0327724012440856,0.0314001428790006,0.030621667727021,0.0271300588333257,0.0286607427922362,0.0261248497461157,0.02408648487702,0.0248002774352765,0.0248935122612247,0.0248009858126944,0.0237797543869078,0.0238428990759541,0.0219997542885283,0.0216380934441095,0.0219238509477003,0.0218392542526177,0.0207569765032443,0.0205404419317355,0.2008360627643764,0.1439246694784146,0.109111090701865,0.0891966210122569,0.0844491653620731,0.0746923115289071,0.0462937354180379,0.0460523043527151,0.0414649383329669,0.0344955925675021,0.0317150792124739,0.0268214187084406,0.0276943416398135,0.0224124981374858,0.0290920957335227,0.0187178506740441,0.0183251109475284,0.0172817651190765,0.0189750694883652,0.0128007362836186,0.0186960822686174,0.0127508327519426,0.0104692614949657,0.0130958270106566,0.0096340118715394,0.0090794393997246,0.0120591878009028,0.008673735725809,0.0087172422947842,0.00934227117767
e30_h8_l2_d0.2_r0.005,8,2,0.2,0.005,0.4729259827774432,0.2945623231291279,0.2679531500447515,0.2650070721782822,0.2651507626330234,0.2554754179495522,0.2603804262965244,0.2571707143910436,0.2534968253443755,0.2468965227687259,0.2453318915943563,0.2454126745858676,0.2478535091070277,0.2487741186450662,0.2435011663698468,0.2361093162540889,0.2366949455168913,0.2333043133723497,0.239660860522526,0.2568978583341412,0.2521040198208745,0.2495160392788678,0.247118462173285,0.2448964647233266,0.2472046289919073,0.2374146200520775,0.2397435053788461,0.2494120717003178,0.246378972091584,0.2573198508231771,0.2303621822783723,0.1654278896313859,0.1786651065738871,0.1559868005143478,0.1586798117435537,0.2637819638574495,0.1468105640265625,0.1426339366336353,0.1339178608340211,0.1290636684557423,0.125995860220422,0.1546272192250471,0.1528798157697543,0.1335082838077563,0.132885255086096,0.1561290574898943,0.1202028631199151,0.1957656780882738,0.1424451641737018,0.1369755755949765,0.1409774657333269,0.1535294125937391,0.1361940076591912,0.1305355970481876,0.1337863242099992,0.1332135345733724,0.2110351838605478,0.1326523769176099,0.1379244312925264,0.1594335443358868
e30_h8_l2_d0.2_r0.01,8,2,0.2,0.01,0.6676240501140037,0.6490891852605932,0.7296437610710453,0.7248848090097101,0.7522745341074963,0.7914179004233951,0.861926809450477,0.8358413058093646,0.8419157990578976,0.8529480582192334,0.8990048841792262,0.9195873751091668,0.912997045160954,0.9117185049079772,0.9111640529780544,0.9318724096130994,0.9726103364383596,1.0215214594886122,0.9980821229586584,0.9130155194920798,0.8899746895174806,0.8935227203079189,0.9573855595949624,0.9262661492648948,0.9310837709789992,0.9033343379748778,0.933535864008218,0.9471045868708649,0.94743043630446,0.95079409985534,0.4522776013351977,0.4566649012565613,0.5355059000179172,0.3850509834371507,0.5294451329879463,0.6041581873670221,0.714660602415353,0.6383763147339225,0.6782619707107544,0.6682114602256566,0.6390528535351158,0.6684260774265974,0.6468594679936767,0.6671206154502928,0.7388188763961195,0.7887186668932438,0.8427274027973414,0.9143525417722762,0.7891904406167567,0.7192607322119177,0.6663112893946469,0.7874051020242274,0.6910502324402332,0.7141609824672341,0.7170227485306561,0.7104045267395676,0.787778859282285,0.7350827656656503,0.8072270173672587,0.801258783082664
e30_h8_l2_d0.2_r0.001,8,2,0.2,0.001,0.66923553521956,0.23720056034654585,0.174097823557105,0.14590774272741724,0.12471545181844138,0.11624755618935677,0.10983209424482354,0.1060881083069159,0.10191123719141178,0.09810617051571704,0.09644009517422561,0.09258261977657611,0.09101441227365285,0.0893208067352489,0.08808426731197526,0.08584545538754157,0.08471444379552485,0.08241963199363704,0.08050562502456968,0.08060822429806147,0.07974790056052806,0.07829687352801994,0.07561443026171287,0.07461922923454355,0.0744760059084023,0.07453345414610481,0.07171420877769379,0.07172354152777427,0.07152339155076597,0.07213327339151074,0.25338390984013676,0.1536099155114498,0.11482272588191554,0.10185711315828376,0.08258309660600498,0.07258052841036115,0.07188084029512247,0.07259724866657052,0.05617307312948396,0.06921601162586594,0.056239675729314334,0.04942921028888086,0.057286690066364825,0.04283389187499124,0.03849718411440262,0.04278941478882916,0.0393944608304766,0.035608632212510566,0.036694660499494054,0.03020703275577689,0.032250855781786956,0.04500010472083814,0.031306754091865154,0.0337417764172802,0.04241152486910578,0.02849346546700399,0.025993089752076776,0.027663009538227926,0.026315273925606744,0.026948425750789467
